"%1","%1"
". Save Draft or Publish to migrate this content into a managed override; the original legacy row stays in Magento's Transactional Emails grid untouched.",". Save Draft or Publish to migrate this content into a managed override; the original legacy row stays in Magento's Transactional Emails grid untouched."
"A basket with nothing to deliver has no method, so the value is empty. The shipped template wraps the delivery section in a depend directive on it.","A basket with nothing to deliver has no method, so the value is empty. The shipped template wraps the delivery section in a depend directive on it."
"A code no variable has renders as an empty string, with nothing to say the code was wrong.","A code no variable has renders as an empty string, with nothing to say the code was wrong."
"A comment that exists but was not marked for sending arrives as an empty value rather than as the comment.","A comment that exists but was not marked for sending arrives as an empty value rather than as the comment."
"A counter is available inside the block: {{var loop.index}} gives the position of the current item, counting from zero.","A counter is available inside the block: {{var loop.index}} gives the position of the current item, counting from zero."
"A custom variable carries two values, an HTML one and a plain one, and both are stored per store view: a store view with no value of its own falls back to the value saved for all store views. An HTML message uses the HTML value; a plain-text message uses the plain value.","A custom variable carries two values, an HTML one and a plain one, and both are stored per store view: a store view with no value of its own falls back to the value saved for all store views. An HTML message uses the HTML value; a plain-text message uses the plain value."
"A file belonging to a module has to be written with the module in front of it, as Magento_Sales::images/logo.png. Without that part it is looked for in the theme.","A file belonging to a module has to be written with the module in front of it, as Magento_Sales::images/logo.png. Without that part it is looked for in the theme."
"A file belonging to the theme is written relative to the theme's web directory, for instance images/logo.png, and is replaced by putting your own copy at the same place in your theme.","A file belonging to the theme is written relative to the theme's web directory, for instance images/logo.png, and is replaced by putting your own copy at the same place in your theme."
"A flag that is set when the order contains at least one item that needs delivering.","A flag that is set when the order contains at least one item that needs delivering."
"A one-time address where the recipient can choose a password for their account.","A one-time address where the recipient can choose a password for their account."
"A part of the path written with brackets after it is not a method call. store.getFrontendName() is read as a request for the frontend_name value held on the store object, and a name that does not begin with get is not read at all, so {{var store.isActive()}} prints nothing.","A part of the path written with brackets after it is not a method call. store.getFrontendName() is read as a request for the frontend_name value held on the store object, and a name that does not begin with get is not read at all, so {{var store.isActive()}} prints nothing."
"A path inside {{var}} is never a method call. getBaseUrl() is read as a request for a base_url value held on the store object, and nothing puts one there while a message is being rendered, so the path comes back empty.","A path inside {{var}} is never a method call. getBaseUrl() is read as a request for a base_url value held on the store object, and nothing puts one there while a message is being rendered, so the path comes back empty."
"A path inside {{var}} is never a method call. getId() is read as a request for an id value held on the store object, and the store record carries store_id rather than id, so the path comes back empty.","A path inside {{var}} is never a method call. getId() is read as a request for an id value held on the store object, and the store record carries store_id rather than id, so the path comes back empty."
"A plain-text message is not given the value at all, so there the directive produces nothing.","A plain-text message is not given the value at all, so there the directive produces nothing."
"A store parameter naming a store view that does not exist stops the message with an error rather than falling back to the current one.","A store parameter naming a store view that does not exist stops the message with an error rather than falling back to the current one."
"A store view keeps the id it was given when it was created. Nothing in the administration changes it.","A store view keeps the id it was given when it was created. Nothing in the administration changes it."
"A variable the code sending this message hands to the template. It is declared by this template family and has a value only in the messages that code sends.","A variable the code sending this message hands to the template. It is declared by this template family and has a value only in the messages that code sends."
"A variable with no HTML value is not empty in an HTML message: the plain value is printed instead, with its HTML escaped and its line breaks turned into br tags. So markup typed into the plain value appears in the message as text rather than as markup.","A variable with no HTML value is not empty in an HTML message: the plain value is printed instead, with its HTML escaped and its line breaks turned into br tags. So markup typed into the plain value appears in the message as text rather than as markup."
"A {{%1}} directive is expanded by the email template filter while the message is being rendered. Because the knowledge base has no entry for this one, nothing more precise can be said about where its value comes from.","A {{%1}} directive is expanded by the email template filter while the message is being rendered. Because the knowledge base has no entry for this one, nothing more precise can be said about where its value comes from."
"A {{config}} directive reads only a fixed list of configuration paths, and ""%1"" is not on that list, so the directive renders as an empty string.","A {{config}} directive reads only a fixed list of configuration paths, and ""%1"" is not on that list, so the directive renders as an empty string."
"A {{config}} directive reads twenty-two paths and no others: web/unsecure/base_url, web/secure/base_url, trans_email/ident_general/name, trans_email/ident_general/email, trans_email/ident_sales/name, trans_email/ident_sales/email, trans_email/ident_support/name, trans_email/ident_support/email, trans_email/ident_custom1/name, trans_email/ident_custom1/email, trans_email/ident_custom2/name, trans_email/ident_custom2/email, general/store_information/name, general/store_information/phone, general/store_information/hours, general/store_information/country_id, general/store_information/region_id, general/store_information/postcode, general/store_information/city, general/store_information/street_line1, general/store_information/street_line2 and general/store_information/merchant_vat_number.","A {{config}} directive reads twenty-two paths and no others: web/unsecure/base_url, web/secure/base_url, trans_email/ident_general/name, trans_email/ident_general/email, trans_email/ident_sales/name, trans_email/ident_sales/email, trans_email/ident_support/name, trans_email/ident_support/email, trans_email/ident_custom1/name, trans_email/ident_custom1/email, trans_email/ident_custom2/name, trans_email/ident_custom2/email, general/store_information/name, general/store_information/phone, general/store_information/hours, general/store_information/country_id, general/store_information/region_id, general/store_information/postcode, general/store_information/city, general/store_information/street_line1, general/store_information/street_line2 and general/store_information/merchant_vat_number."
"Active From","Active From"
"Active From must be before Active To.","Active From must be before Active To."
"Active To","Active To"
"Add","Add"
"Address on the basket","Address on the basket"
"Alerted products block","Alerted products block"
"All","All"
"All Store Views","All Store Views"
"Always Active","Always Active"
"An extra line about delivery, printed under the shipping method.","An extra line about delivery, printed under the shipping method."
"An order with nothing to ship has no shipping address, and the senders assign nothing at all in that case, so the value is empty.","An order with nothing to ship has no shipping address, and the senders assign nothing at all in that case, so the value is empty."
"An order with nothing to ship has no shipping method, so the value is empty.","An order with nothing to ship has no shipping method, so the value is empty."
"Another immediate published override already exists for this template and store (""%1""). Delete it first before removing the schedule from this override.","Another immediate published override already exists for this template and store (""%1""). Delete it first before removing the schedule from this override."
"Any other path renders as an empty string. Nothing is logged and nothing is shown, so a directive naming a perfectly real setting that is not on the list looks exactly like a setting that has no value.","Any other path renders as an empty string. Nothing is logged and nothing is shown, so a directive naming a perfectly real setting that is not on the list looks exactly like a setting that has no value."
"Applies a stylesheet to the message by writing the styles onto the elements themselves, which is what mail programs that ignore a stylesheet need. It prints nothing where it stands.","Applies a stylesheet to the message by writing the styles onto the elements themselves, which is what mail programs that ignore a stylesheet need. It prints nothing where it stands."
"Apply Schedule","Apply Schedule"
"Back to draft","Back to draft"
"Back to list","Back to list"
"Basket total","Basket total"
"Because the directive could not be read, nothing can be said about where its value comes from.","Because the directive could not be read, nothing can be said about where its value comes from."
"Billing address block","Billing address block"
"Billing address block on the basket","Billing address block on the basket"
"Both version IDs are required for comparison.","Both version IDs are required for comparison."
"Builds a layout handle and prints the markup of the outermost block it produces.","Builds a layout handle and prints the markup of the outermost block it produces."
"Cancel","Cancel"
"Cannot delete the default theme.","Cannot delete the default theme."
"Change the data it is worked out from, or edit the template to render something else.","Change the data it is worked out from, or edit the template to render something else."
"Change the name after in to another variable that holds a list. If it does not hold one, nothing is repeated.","Change the name after in to another variable that holds a list. If it does not hold one, nothing is repeated."
"Change the order there. The message reports whatever the order says at the moment it is sent; nothing in the template decides it.","Change the order there. The message reports whatever the order says at the moment it is sent; nothing in the template decides it."
"Change the url parameter to the path you want; it is written the way a storefront route is, without a leading slash.","Change the url parameter to the path you want; it is written the way a storefront route is, without a leading slash."
"Change the value in the Transactional Emails section and save.","Change the value in the Transactional Emails section and save."
"Change the variable named after depend. It is a plain variable path - the same one you would write inside {{var}}.","Change the variable named after depend. It is a plain variable path - the same one you would write inside {{var}}."
"Change the variable named after if. It is a plain variable path - the same one you would write inside {{var}}.","Change the variable named after if. It is a plain variable path - the same one you would write inside {{var}}."
"Changes","Changes"
"Changing this value requires the ""%1"" permission, which your account does not hold.","Changing this value requires the ""%1"" permission, which your account does not hold."
"Check the word immediately after the opening braces: it is the directive kind, and only the kinds this editor publishes can be looked up.","Check the word immediately after the opening braces: it is the directive kind, and only the kinds this editor publishes can be looked up."
"Check whether any installed extension fills this name in. Nothing in Magento itself does.","Check whether any installed extension fills this name in. Nothing in Magento itself does."
"Chooses between two pieces of text according to whether the variable it names has a value.","Chooses between two pieces of text according to whether the variable it names has a value."
"Clear","Clear"
"Clear search","Clear search"
"Clearing the Store Name setting does not empty this. When the setting has no value the name of the store the store view belongs to is printed instead, which is why a name often survives being deleted.","Clearing the Store Name setting does not empty this. When the setting has no value the name of the store the store view belongs to is printed instead, which is why a name often survives being deleted."
"Clearing the Store Name setting does not empty this. When the setting has no value the name of the store the store view belongs to is printed instead.","Clearing the Store Name setting does not empty this. When the setting has no value the name of the store the store view belongs to is printed instead."
"Click a variable to insert it at the cursor position","Click a variable to insert it at the cursor position"
"Click to insert","Click to insert"
"Close","Close"
"Close draft","Close draft"
"Comment sent with the document","Comment sent with the document"
"Configuration value","Configuration value"
"Contact","Contact"
"Copy the stylesheet into your own theme, under web/css/ in the theme directory, and edit the copy.","Copy the stylesheet into your own theme, under web/css/ in the theme directory, and edit the copy."
"Copy the stylesheet into your own theme, under web/css/ in the theme directory.","Copy the stylesheet into your own theme, under web/css/ in the theme directory."
"Could not delete template override: %1","Could not delete template override: %1"
"Could not delete template version: %1","Could not delete template version: %1"
"Could not delete theme: %1","Could not delete theme: %1"
"Could not save template override: %1","Could not save template override: %1"
"Could not save template version: %1","Could not save template version: %1"
"Could not save theme: %1","Could not save theme: %1"
"Create","Create"
"Created by","Created by"
"Credit Memo","Credit Memo"
"Credit memo number","Credit memo number"
"Credit memo record id","Credit memo record id"
"Current value","Current value"
"Custom CSS","Custom CSS"
"Custom Data","Custom Data"
"Custom Variables","Custom Variables"
"Custom variable","Custom variable"
"Customer","Customer"
"Customer email address","Customer email address"
"Customer name","Customer name"
"Customer name on the order","Customer name on the order"
"Customized","Customized"
"DRAFT","DRAFT"
"Data Source","Data Source"
"Date","Date"
"Default","Default"
"Default Config","Default Config"
"Default Template (Read-Only)","Default Template (Read-Only)"
"Delete","Delete"
"Delete draft","Delete draft"
"Delivery address block on the basket","Delivery address block on the basket"
"Delivery method title","Delivery method title"
"Demo","Demo"
"Demo data used to render the preview only — it does not affect the saved template","Demo data used to render the preview only — it does not affect the saved template"
"Deploy static content after replacing a file, so the published copy the address points at is the new one.","Deploy static content after replacing a file, so the published copy the address points at is the new one."
"Deploy static content so the change reaches the next alert that is sent.","Deploy static content so the change reaches the next alert that is sent."
"Deploy static content so the change reaches the next message that is sent.","Deploy static content so the change reaches the next message that is sent."
"Describe the changes...","Describe the changes..."
"Design configuration","Design configuration"
"Design configuration is kept per scope, and the list shows one row for the default, one for each website and one for each store view. Open the row for the store view the message is sent in.","Design configuration is kept per scope, and the list shows one row for the default, one for each website and one for each store view. Open the row for the store view the message is sent in."
"Diff","Diff"
"Disabled","Disabled"
"Discard","Discard"
"Draft created from version v%1. Publish to make it live.","Draft created from version v%1. Publish to make it live."
"Draft deleted successfully.","Draft deleted successfully."
"Draft duplicated successfully.","Draft duplicated successfully."
"Draft name is required.","Draft name is required."
"Draft renamed successfully.","Draft renamed successfully."
"Draft saved successfully.","Draft saved successfully."
"Drafts","Drafts"
"Duplicate","Duplicate"
"EXPIRED","EXPIRED"
"Edit","Edit"
"Edit Schedule","Edit Schedule"
"Edit the copy. A file in the theme takes precedence over the one the theme inherits.","Edit the copy. A file in the theme takes precedence over the one the theme inherits."
"Edit the template content to change what it wraps or when it is shown.","Edit the template content to change what it wraps or when it is shown."
"Editor","Editor"
"Email Template Editor","Email Template Editor"
"Email address given on the contact form","Email address given on the contact form"
"Email logo alternative text","Email logo alternative text"
"Email logo height","Email logo height"
"Email logo image","Email logo image"
"Email logo width","Email logo width"
"Email stylesheet","Email stylesheet"
"Email subject line...","Email subject line..."
"Enable Email Template Editor","Enable Email Template Editor"
"Enabled","Enabled"
"End","End"
"End Date","End Date"
"End date...","End date..."
"Enter email address...","Enter email address..."
"Enter theme name...","Enter theme name..."
"Entity ID is required.","Entity ID is required."
"Entity ID or template identifier is required.","Entity ID or template identifier is required."
"Escape","Escape"
"Escapes the value before it is written into the message, and is what a {{var}} directive gets when it carries no modifier chain at all. The type is compared exactly as written: only html, htmlentities and url are recognised, and any other spelling, HTML among them, is not an error but a value returned untouched, so the message receives it unescaped.","Escapes the value before it is written into the message, and is what a {{var}} directive gets when it carries no modifier chain at all. The type is compared exactly as written: only html, htmlentities and url are recognised, and any other spelling, HTML among them, is not an error but a value returned untouched, so the message receives it unescaped."
"Every sales sender renders the order's billing address through the address renderer in its html layout and assigns the result under this name.","Every sales sender renders the order's billing address through the address renderer in its html layout and assigns the result under this name."
"Every sales sender renders the order's shipping address through the address renderer in its html layout and assigns the result under this name.","Every sales sender renders the order's shipping address through the address renderer in its html layout and assigns the result under this name."
"Every {{depend}} needs a matching {{/depend}}. Without one the block is not recognised and the text around it is printed as written.","Every {{depend}} needs a matching {{/depend}}. Without one the block is not recognised and the text around it is printed as written."
"Every {{if}} needs a matching {{/if}}; {{else}} between the two is optional and may appear once.","Every {{if}} needs a matching {{/if}}; {{else}} between the two is optional and may appear once."
"Everything after the first vertical bar inside the directive is read as formatting, so a message that contains a vertical bar of its own is cut in half - the remaining fragment has no closing quotation mark and the directive prints nothing.","Everything after the first vertical bar inside the directive is read as formatting, so a message that contains a vertical bar of its own is cut in half - the remaining fragment has no closing quotation mark and the directive prints nothing."
"Export","Export"
"Failed to change the theme scope.","Failed to change the theme scope."
"Failed to change the theme scope. Please try again.","Failed to change the theme scope. Please try again."
"Failed to create theme.","Failed to create theme."
"Failed to create theme. Please try again.","Failed to create theme. Please try again."
"Failed to delete the theme.","Failed to delete the theme."
"Failed to delete the theme. Please try again.","Failed to delete the theme. Please try again."
"Failed to import theme.","Failed to import theme."
"Failed to import theme. Please try again.","Failed to import theme. Please try again."
"Failed to load the theme.","Failed to load the theme."
"Failed to load the theme. Please try again.","Failed to load the theme. Please try again."
"Failed to load themes.","Failed to load themes."
"Failed to load themes. Please try again.","Failed to load themes. Please try again."
"Failed to read uploaded file.","Failed to read uploaded file."
"Failed to save theme.","Failed to save theme."
"Failed to save theme. Please try again.","Failed to save theme. Please try again."
"Failed to send test email: %1","Failed to send test email: %1"
"Fill in both values: an HTML message uses the HTML value and falls back to the plain one only while the HTML value is empty.","Fill in both values: an HTML message uses the HTML value and falls back to the plain one only while the HTML value is empty."
"Find out where the value comes from before changing anything the message depends on.","Find out where the value comes from before changing anything the message depends on."
"Flush the configuration cache; until then the directive keeps rendering as an empty string.","Flush the configuration cache; until then the directive keeps rendering as an empty string."
"For a different layout, override the payment method's information template in your own theme.","For a different layout, override the payment method's information template in your own theme."
"For a different wording, print a field of the order itself instead of this prepared string.","For a different wording, print a field of the order itself instead of this prepared string."
"For a link into the shop, write {{store url=""""}}, which builds the address for the store view the message is sent in. A path may be given instead of the empty string.","For a link into the shop, write {{store url=""""}}, which builds the address for the store view the message is sent in. A path may be given instead of the empty string."
"For a registered customer, changing the name on the account under Customers > All Customers affects future orders, not orders already placed.","For a registered customer, changing the name on the account under Customers > All Customers affects future orders, not orders already placed."
"For a template held in a file, edit the styles annotation at the top of that file, in your own theme rather than in the module it came from.","For a template held in a file, edit the styles annotation at the top of that file, in your own theme rather than in the module it came from."
"For a template held in a file, the rules come from a styles annotation at the top of that file, which Magento\Email\Model\AbstractTemplate strips out while loading it. For a template saved in the administration, they come from that template's own Template Styles field.","For a template held in a file, the rules come from a styles annotation at the top of that file, which Magento\Email\Model\AbstractTemplate strips out while loading it. For a template saved in the administration, they come from that template's own Template Styles field."
"For a template saved in the administration, edit its Template Styles field under Marketing > Email Templates.","For a template saved in the administration, edit its Template Styles field under Marketing > Email Templates."
"For the account messages the notification service assigns the customer's record, with the assembled display name added to it under the name field. The wish list sharing message assigns the same kind of record. The payment failure message is the exception: there this name holds the customer's name as plain text, or the word Guest.","For the account messages the notification service assigns the customer's record, with the assembled display name added to it under the name field. The wish list sharing message assigns the same kind of record. The payment failure message is the exception: there this name holds the customer's name as plain text, or the word Guest."
"For the configured address itself, write {{config path=""web/unsecure/base_url""}} or {{config path=""web/secure/base_url""}}.","For the configured address itself, write {{config path=""web/unsecure/base_url""}} or {{config path=""web/secure/base_url""}}."
"Formatting","Formatting"
"General Contact sender address","General Contact sender address"
"General Contact sender name","General Contact sender name"
"General Settings","General Settings"
"Generated Tailwind CSS","Generated Tailwind CSS"
"HTML","HTML"
"Hide templates","Hide templates"
"History","History"
"How long the link stays usable is set under Stores > Configuration > Customers > Customer Configuration > Password Options.","How long the link stays usable is set under Stores > Configuration > Customers > Customer Configuration > Password Options."
"How long the note may be is set under Stores > Configuration > Customers > Wish List for the wish list, and under Catalog > Email to a Friend for the product share.","How long the note may be is set under Stores > Configuration > Customers > Wish List for the wish list, and under Catalog > Email to a Friend for the product share."
"How tall the logo is drawn, in pixels.","How tall the logo is drawn, in pixels."
"How to change the condition","How to change the condition"
"How to change the file","How to change the file"
"How to change the stylesheet","How to change the stylesheet"
"How to change the wording","How to change the wording"
"How to change this","How to change this"
"How to change what is included","How to change what is included"
"How to change what it renders","How to change what it renders"
"How to change what it repeats over","How to change what it repeats over"
"How to change what this prints","How to change what this prints"
"How to change where it points","How to change where it points"
"How to make another setting readable","How to make another setting readable"
"How wide the logo is drawn, in pixels.","How wide the logo is drawn, in pixels."
"Hryvinskyi","Hryvinskyi"
"If nothing fills it in, the directive can be removed from the template: it prints nothing either way.","If nothing fills it in, the directive can be removed from the template: it prints nothing either way."
"Immediately","Immediately"
"Import","Import"
"Import Theme","Import Theme"
"In a module of your own, add an item for the path to that argument, grouped under the configuration group it belongs to, exactly as Magento_Variable does for the paths below.","In a module of your own, add an item for the path to that argument, grouped under the configuration group it belongs to, exactly as Magento_Variable does for the paths below."
"In a plain-text template the directive does nothing at all.","In a plain-text template the directive does nothing at all."
"In a plain-text template the directive produces nothing at all.","In a plain-text template the directive produces nothing at all."
"In a product alert this is the recipient's name. In the wish list sharing message it is the name of the person who shared the list, not the recipient's.","In a product alert this is the recipient's name. In the wish list sharing message it is the name of the person who shared the list, not the recipient's."
"In a template that is included by another one, the directive is left alone and the containing template deals with it, so moving it into a header or footer changes when it takes effect but not what it does.","In a template that is included by another one, the directive is left alone and the containing template deals with it, so moving it into a header or footer changes when it takes effect but not what it does."
"In an email template a {{var}} directive with no vertical bar in it is escaped as HTML. That comes from the email template filter rather than from the directive: text run through Magento\Framework\Filter\Template on its own - the store address layout, for one - gets no escaping at all, so the rule cannot be carried over to templates outside email.","In an email template a {{var}} directive with no vertical bar in it is escaped as HTML. That comes from the email template filter rather than from the directive: text run through Magento\Framework\Filter\Template on its own - the store address layout, for one - gets no escaping at all, so the rule cannot be carried over to templates outside email."
"In the account and wish list messages this is a record to read fields from, as in customer.name. In the payment failure message it is already the name, and reading a field from it produces nothing.","In the account and wish list messages this is a record to read fields from, as in customer.name. In the payment failure message it is already the name, and reading a field from it produces nothing."
"In the payment failure message the wording is built in the sending code and cannot be changed from the template.","In the payment failure message the wording is built in the sending code and cannot be changed from the template."
"In the template:","In the template:"
"In the wish list message the layout comes from the wish list email items block. Override its template in your own theme to change it.","In the wish list message the layout comes from the wish list email items block. Override its template in your own theme to change it."
"Includes another email template, named indirectly by the configuration setting that holds it.","Includes another email template, named indirectly by the configuration setting that holds it."
"Insert Variable","Insert Variable"
"Inside the block, everything between the braces is read as a variable path and nothing else. A vertical bar becomes part of the name, so {{var item.name|escape}} matches nothing and prints an empty string - and, more seriously, values printed inside the block are not escaped the way the same directive outside the block would be.","Inside the block, everything between the braces is read as a variable path and nothing else. A vertical bar becomes part of the name, so {{var item.name|escape}} matches nothing and prints an empty string - and, more seriously, values printed inside the block are not escaped the way the same directive outside the block would be."
"Inside the block, write the name before in followed by a full stop and the value you want, for instance {{var item.name}}.","Inside the block, write the name before in followed by a full stop and the value you want, for instance {{var item.name}}."
"Invalid theme CSS: %1","Invalid theme CSS: %1"
"Invalid theme content: %1","Invalid theme content: %1"
"Invoice","Invoice"
"Invoice number","Invoice number"
"Invoice record id","Invoice record id"
"It exists to be tested rather than printed. The shipped templates use it as the condition of a depend directive around the shipping sections.","It exists to be tested rather than printed. The shipped templates use it as the condition of a depend directive around the shipping sections."
"It is an internal key and means nothing to a recipient.","It is an internal key and means nothing to a recipient."
"It is an internal key and means nothing to a recipient. The shipped template passes it to the items grid rather than printing it.","It is an internal key and means nothing to a recipient. The shipped template passes it to the items grid rather than printing it."
"It is an internal name rather than a phrase prepared for reading, and it is not translated.","It is an internal name rather than a phrase prepared for reading, and it is not translated."
"It is never empty. Without an uploaded file the theme's own logo is used, so a message always shows a picture.","It is never empty. Without an uploaded file the theme's own logo is used, so a message always shows a picture."
"It is never empty: without a product image the placeholder is used, so the message always shows a picture of some kind.","It is never empty: without a product image the placeholder is used, so the message always shows a picture of some kind."
"It is not necessarily the address the message was sent from. Which identity sends a message is a separate setting on that message's own configuration page.","It is not necessarily the address the message was sent from. Which identity sends a message is a separate setting on that message's own configuration page."
"It is text typed by a stranger. It reaches the template exactly as submitted, so removing the escaping from this directive lets a visitor put markup into the message you receive.","It is text typed by a stranger. It reaches the template exactly as submitted, so removing the escaping from this directive lets a visitor put markup into the message you receive."
"It is the Customer Support address. Changing the General Contact address, or the address a particular kind of message is sent from, leaves this value untouched.","It is the Customer Support address. Changing the General Contact address, or the address a particular kind of message is sent from, leaves this value untouched."
"It is the time the message was put together. When failures are reported in a batch, it is not the time of the payment attempt.","It is the time the message was put together. When failures are reported in a batch, it is not the time of the payment attempt."
"It is written {{for item in order.items}}. The name before in is the name each item takes inside the block; the name after in is read the same way a {{var}} path is and has to come back as a list.","It is written {{for item in order.items}}. The name before in is the name each item takes inside the block; the name after in is read the same way a {{var}} path is and has to come back as a list."
"It only has a value in the templates that code sends; in any other template it renders as nothing at all.","It only has a value in the templates that code sends; in any other template it renders as nothing at all."
"Items block","Items block"
"Keeps the text between it and its closing tag only when the variable it names has a value.","Keeps the text between it and its closing tag only when the variable it names has a value."
"Leave empty for immediate activation.","Leave empty for immediate activation."
"Leave empty for no expiration.","Leave empty for no expiration."
"Leaving it blank does not produce a blank: the store view's name is used instead.","Leaving it blank does not produce a blank: the store view's name is used instead."
"Leaving the HTML value empty does not make the variable render as nothing in an HTML message. The plain value is used instead, escaped and with its line breaks turned into HTML line breaks, so any markup written in it arrives as visible text rather than as markup.","Leaving the HTML value empty does not make the variable render as nothing in an HTML message. The plain value is used instead, escaped and with its line breaks turned into HTML line breaks, so any markup written in it arrives as visible text rather than as markup."
"Legacy template #%1","Legacy template #%1"
"Like {{var}}, a {{trans}} directive with no vertical bar in it is escaped as HTML, and any formatting name that is not escape or nl2br switches that off without a word.","Like {{var}}, a {{trans}} directive with no vertical bar in it is escaped as HTML, and any formatting name that is not escape or nl2br switches that off without a word."
"Line breaks arrive as they were typed and are not turned into markup, so a long message runs together unless the directive is asked to convert them.","Line breaks arrive as they were typed and are not turned into markup, so a long message runs together unless the directive is asked to convert them."
"Link for setting a password","Link for setting a password"
"Link to the customer account page","Link to the customer account page"
"Link to the shared wish list","Link to the shared wish list"
"Loading editor...","Loading editor..."
"Loading history...","Loading history..."
"Loading variables...","Loading variables..."
"Looking this up...","Looking this up..."
"Magento DB","Magento DB"
"Magento\Email\Model\AbstractTemplate puts it on the store object under frontend_name before the message is rendered. Magento\Store\Model\Store::getFrontendName reads the Store Name setting of the Store Information configuration group, and falls back to the name of the store the store view belongs to when that setting is empty.","Magento\Email\Model\AbstractTemplate puts it on the store object under frontend_name before the message is rendered. Magento\Store\Model\Store::getFrontendName reads the Store Name setting of the Store Information configuration group, and falls back to the name of the store the store view belongs to when that setting is empty."
"Magento\Email\Model\AbstractTemplate puts the store view the message is being sent for into the template variables under the name store, and store_id is a column of the store record it carries.","Magento\Email\Model\AbstractTemplate puts the store view the message is being sent for into the template variables under the name store, and store_id is a column of the store record it carries."
"Magento\Email\Model\AbstractTemplate works the address out before the message is rendered and puts it on the store object under formatted_address. It is built by Magento\Store\Model\Information from the Store Information configuration group, laid out with the fixed five-line template in Magento\Store\Model\Address\Renderer, and its line breaks are then turned into br tags.","Magento\Email\Model\AbstractTemplate works the address out before the message is rendered and puts it on the store object under formatted_address. It is built by Magento\Store\Model\Information from the Store Information configuration group, laid out with the fixed five-line template in Magento\Store\Model\Address\Renderer, and its line breaks are then turned into br tags."
"Magento\Email\Model\AbstractTemplate::addEmailVariables reads it from the configuration for the store view the message is sent in.","Magento\Email\Model\AbstractTemplate::addEmailVariables reads it from the configuration for the store view the message is sent in."
"Magento\Email\Model\AbstractTemplate::addEmailVariables reads it from the configuration for the store view the message is sent in. Despite the general-sounding name it reads the Customer Support identity and nothing else.","Magento\Email\Model\AbstractTemplate::addEmailVariables reads it from the configuration for the store view the message is sent in. Despite the general-sounding name it reads the Customer Support identity and nothing else."
"Magento\Email\Model\AbstractTemplate::addEmailVariables reads the design configuration for the store view the message is sent in. There is no fallback in the code.","Magento\Email\Model\AbstractTemplate::addEmailVariables reads the design configuration for the store view the message is sent in. There is no fallback in the code."
"Magento\Email\Model\AbstractTemplate::getLogoAlt reads the design configuration and, when nothing is set there, falls back to the store view's frontend name.","Magento\Email\Model\AbstractTemplate::getLogoAlt reads the design configuration and, when nothing is set there, falls back to the store view's frontend name."
"Magento\Email\Model\AbstractTemplate::getLogoUrl looks for the file named in the design configuration under the media directory and builds its address. When no file is configured, or the configured file is missing, it falls back to the logo that ships with the current theme.","Magento\Email\Model\AbstractTemplate::getLogoUrl looks for the file named in the design configuration under the media directory and builds its address. When no file is configured, or the configured file is missing, it falls back to the logo that ships with the current theme."
"Message from the sender","Message from the sender"
"Message left on the contact form","Message left on the contact form"
"Modified by","Modified by"
"Money amount","Money amount"
"Most orders carry no such note, so the value is usually empty. The shipped template wraps it in a depend directive for that reason.","Most orders carry no such note, so the value is usually empty. The shipped template wraps it in a depend directive for that reason."
"Name given on the contact form","Name given on the contact form"
"New Draft","New Draft"
"New Theme","New Theme"
"Newlines to <br>","Newlines to <br>"
"No custom variable has the code ""%1"", so there is nothing to change. A directive naming a code that no variable carries renders as nothing at all.","No custom variable has the code ""%1"", so there is nothing to change. A directive naming a code that no variable carries renders as nothing at all."
"No draft found.","No draft found."
"No field is declared at ""%1"" in the configuration structure, so no admin page owns this value.","No field is declared at ""%1"" in the configuration structure, so no admin page owns this value."
"No file was uploaded.","No file was uploaded."
"No history entries found.","No history entries found."
"No modifiers are applied to this directive.","No modifiers are applied to this directive."
"No modifiers. In an email template that means the value is escaped as HTML, which is what a variable written with nothing after it does.","No modifiers. In an email template that means the value is escaped as HTML, which is what a variable written with nothing after it does."
"No results found","No results found"
"No route for changing this value was worked out.","No route for changing this value was worked out."
"No schedule — template is always active","No schedule — template is always active"
"No value available here.","No value available here."
"No variables available","No variables available"
"No variables match your search","No variables match your search"
"Not documented","Not documented"
"Note to the customer","Note to the customer"
"Nothing in the administration decides this value; it is what the sender typed on the sharing form.","Nothing in the administration decides this value; it is what the sender typed on the sharing form."
"Nothing in the administration decides this value; it is what the visitor typed.","Nothing in the administration decides this value; it is what the visitor typed."
"Nothing is implemented for this name. It switches off the escaping a {{var}} directive would otherwise get purely because the filter skips any modifier name it does not hold, and any other unknown name would do the same. It is the established way of asking for a value to be written as it is, which is why it is offered, but it is a convention rather than a step that runs.","Nothing is implemented for this name. It switches off the escaping a {{var}} directive would otherwise get purely because the filter skips any modifier name it does not hold, and any other unknown name would do the same. It is the established way of asking for a value to be written as it is, which is why it is offered, but it is a convention rather than a step that runs."
"Nothing records which permission governs values of the ""%1"" kind, so changing one from the email template editor is refused.","Nothing records which permission governs values of the ""%1"" kind, so changing one from the email template editor is refused."
"Nothing reports this. The directive is replaced by an empty string, so a link written around it simply arrives with nothing in it.","Nothing reports this. The directive is replaced by an empty string, so a link written around it simply arrives with nothing in it."
"Nothing reports this. The directive is replaced by an empty string.","Nothing reports this. The directive is replaced by an empty string."
"Now","Now"
"Number","Number"
"On a stock installation it is always empty, which is why the shipped template guards it with an if directive.","On a stock installation it is always empty, which is why the shipped template guards it with an if directive."
"On the message announcing a change of address, this is the address held on the account when the message is composed, which is not necessarily the address the message was delivered to.","On the message announcing a change of address, this is the address held on the account when the message is composed, which is not necessarily the address the message was delivered to."
"Only a newsletter sent from a queue carries it. The subscription confirmation, success and unsubscribe messages are sent by the subscriber model, which does not assign it, so there it produces nothing.","Only a newsletter sent from a queue carries it. The subscription confirmation, success and unsubscribe messages are sent by the subscriber model, which does not assign it, so there it produces nothing."
"Only draft, scheduled, or published overrides can be published. Current status: %1","Only draft, scheduled, or published overrides can be published. Current status: %1"
"Only escape and nl2br are implemented. Everything after the first vertical bar is read as the formatting, and a name that is neither of those two is skipped without a word. That is the whole of how |raw works, and it is also why a misspelling such as |rwa switches the escaping off just as effectively.","Only escape and nl2br are implemented. Everything after the first vertical bar is read as the formatting, and a name that is neither of those two is skipped without a word. That is the whole of how |raw works, and it is also why a misspelling such as |rwa switches the escaping off just as effectively."
"Only published overrides can have their schedule updated directly.","Only published overrides can have their schedule updated directly."
"Only the order sender prepares it. The invoice, shipment and credit memo senders do not, so in those messages it produces nothing.","Only the order sender prepares it. The invoice, shipment and credit memo senders do not, so in those messages it produces nothing."
"Only the update and comment messages declare it. The confirmation message is sent when the order is placed, before any status change worth reporting.","Only the update and comment messages declare it. The confirmation message is sent when the order is placed, before any status change worth reporting."
"Only variable paths are expanded inside the block. A {{depend}} or an {{if}} written inside it is not treated as a directive.","Only variable paths are expanded inside the block. A {{depend}} or an {{if}} written inside it is not treated as a directive."
"Open %1 in Configuration","Open %1 in Configuration"
"Open Catalog > Products and edit the product's name for the store view the message is sent in.","Open Catalog > Products and edit the product's name for the store view the message is sent in."
"Open Catalog > Products and set the product's small image.","Open Catalog > Products and set the product's small image."
"Open Content > Design > Configuration and edit the scope the message is sent in.","Open Content > Design > Configuration and edit the scope the message is sent in."
"Open Custom Variables","Open Custom Variables"
"Open Customers > All Customers and edit the account the message is addressed to.","Open Customers > All Customers and edit the account the message is addressed to."
"Open Customers > All Customers and edit the account's email address.","Open Customers > All Customers and edit the account's email address."
"Open Customers > All Customers and edit the account's name fields.","Open Customers > All Customers and edit the account's name fields."
"Open Design Configuration","Open Design Configuration"
"Open Sales > Credit Memos and find the credit memo the message is about.","Open Sales > Credit Memos and find the credit memo the message is about."
"Open Sales > Invoices and find the invoice the message is about.","Open Sales > Invoices and find the invoice the message is about."
"Open Sales > Orders and find the order the message is about.","Open Sales > Orders and find the order the message is about."
"Open Sales > Orders to find the order this number belongs to.","Open Sales > Orders to find the order this number belongs to."
"Open Sales > Orders, open the order, and change the name on the billing address.","Open Sales > Orders, open the order, and change the name on the billing address."
"Open Sales > Orders, open the order, and edit the note that accompanies it.","Open Sales > Orders, open the order, and edit the note that accompanies it."
"Open Sales > Shipments and find the shipment the message is about.","Open Sales > Shipments and find the shipment the message is about."
"Open Store Email Addresses","Open Store Email Addresses"
"Open Store Information","Open Store Information"
"Open Stores > Configuration > Sales > Delivery Methods and edit the carrier's title.","Open Stores > Configuration > Sales > Delivery Methods and edit the carrier's title."
"Open Stores > Configuration > Sales > Payment Methods and edit the method's title.","Open Stores > Configuration > Sales > Payment Methods and edit the method's title."
"Open Stores > Order Status to rename a status as customers see it.","Open Stores > Order Status to rename a status as customers see it."
"Open Stores > Settings > Configuration and find the field at this configuration path.","Open Stores > Settings > Configuration and find the field at this configuration path."
"Open System > Other Settings > Custom Variables.","Open System > Other Settings > Custom Variables."
"Open Web configuration","Open Web configuration"
"Open the order under Sales > Orders and add or edit the comment on the invoice, shipment or credit memo you are sending.","Open the order under Sales > Orders and add or edit the comment on the invoice, shipment or credit memo you are sending."
"Open the variable carrying this code, or create it if no variable carries it yet.","Open the variable carrying this code, or create it if no variable carries it yet."
"Open this setting in Configuration","Open this setting in Configuration"
"Order","Order"
"Order date","Order date"
"Order has something to ship","Order has something to ship"
"Order number","Order number"
"Order record id","Order record id"
"Order status label","Order status label"
"Override","Override"
"Override ID is required.","Override ID is required."
"Override disabled.","Override disabled."
"Override enabled.","Override enabled."
"Override scope — the store view this override is saved for","Override scope — the store view this override is saved for"
"PUBLISHED","PUBLISHED"
"Payment details block","Payment details block"
"Payment method title","Payment method title"
"Plain text","Plain text"
"Please enter a valid email address.","Please enter a valid email address."
"Preview","Preview"
"Preview in new tab","Preview in new tab"
"Print creditmemo.increment_id instead when the message should show the customer their credit memo number.","Print creditmemo.increment_id instead when the message should show the customer their credit memo number."
"Print invoice.increment_id instead when the message should show the customer their invoice number.","Print invoice.increment_id instead when the message should show the customer their invoice number."
"Print order.increment_id instead when the message should show the customer their order number.","Print order.increment_id instead when the message should show the customer their order number."
"Print shipment.increment_id instead when the message should show the customer their shipment number.","Print shipment.increment_id instead when the message should show the customer their shipment number."
"Prints a piece of text in the language of the store view the message is sent in.","Prints a piece of text in the language of the store view the message is sent in."
"Prints a value the code that sends the message put into the template, such as a field of the order, of the customer or of the store view.","Prints a value the code that sends the message put into the template, such as a field of the order, of the customer or of the store view."
"Prints an address on the storefront of the store view the message is sent in.","Prints an address on the storefront of the store view the message is sent in."
"Prints http or https, whichever the store view is currently being served over, or a complete address using it.","Prints http or https, whichever the store view is currently being served over, or a complete address using it."
"Prints one of the custom variables kept under System > Other Settings > Custom Variables.","Prints one of the custom variables kept under System > Other Settings > Custom Variables."
"Prints the address of a file kept in the media directory.","Prints the address of a file kept in the media directory."
"Prints the address of a static file belonging to a theme or a module, such as an image.","Prints the address of a static file belonging to a theme or a module, such as an image."
"Prints the value of one store configuration setting, read for the store view the message is sent in.","Prints the value of one store configuration setting, read for the store view the message is sent in."
"Publish","Publish"
"Publish Template","Publish Template"
"Publishing with the previously generated Tailwind CSS","Publishing with the previously generated Tailwind CSS"
"Put the file in the media directory - through the media gallery, or on the server - and write its path, relative to that directory, in the url parameter.","Put the file in the media directory - through the media gallery, or on the server - and write its path, relative to that directory, in the url parameter."
"Puts the contents of a stylesheet from the theme into the message, where the directive stands.","Puts the contents of a stylesheet from the theme into the message, where the directive stands."
"Raw (no escaping)","Raw (no escaping)"
"Read at:","Read at:"
"Read from the billing address of the basket.","Read from the billing address of the basket."
"Read from the credit memo record the sender assigns.","Read from the credit memo record the sender assigns."
"Read from the customer record the notification service assigns.","Read from the customer record the notification service assigns."
"Read from the invoice record the sender assigns.","Read from the invoice record the sender assigns."
"Read from the order record the sender assigns. The invoice, shipment and credit memo messages carry the same order record, so the order number is available in those too.","Read from the order record the sender assigns. The invoice, shipment and credit memo messages carry the same order record, so the order number is available in those too."
"Read from the order record the sender assigns. The wording is stored on the order at the time of purchase rather than looked up when the message is sent.","Read from the order record the sender assigns. The wording is stored on the order at the time of purchase rather than looked up when the message is sent."
"Read from the shipment record the sender assigns.","Read from the shipment record the sender assigns."
"Real value","Real value"
"Recently Used","Recently Used"
"Recipient Email","Recipient Email"
"Recipient email address","Recipient email address"
"Recipient name","Recipient name"
"Remove","Remove"
"Remove Schedule","Remove Schedule"
"Remove all modifiers","Remove all modifiers"
"Rename","Rename"
"Rendering preview...","Rendering preview..."
"Renders a block of the storefront inside the message and prints its markup.","Renders a block of the storefront inside the message and prints its markup."
"Repeats the text between it and its closing tag once for every item of a list, such as the lines of an order.","Repeats the text between it and its closing tag once for every item of a list, such as the lines of an order."
"Reset to Magento default","Reset to Magento default"
"Restore","Restore"
"SCHEDULED","SCHEDULED"
"Sample data","Sample data"
"Sample data provider with code ""%1"" does not exist.","Sample data provider with code ""%1"" does not exist."
"Save Schedule","Save Schedule"
"Save for all store views","Save for all store views"
"Save the configuration, then flush the cache so the change reaches the next message.","Save the configuration, then flush the cache so the change reaches the next message."
"Save value","Save value"
"Saved here, this value applies to every store view that has no override of its own.","Saved here, this value applies to every store view that has no override of its own."
"Saved.","Saved."
"Schedule","Schedule"
"Schedule conflicts detected with: %1","Schedule conflicts detected with: %1"
"Schedule for later...","Schedule for later..."
"Schedule updated successfully.","Schedule updated successfully."
"Scope","Scope"
"Search by title","Search by title"
"Search failed. Please try again.","Search failed. Please try again."
"Search variables...","Search variables..."
"Search...","Search..."
"Seeded from a legacy Magento email template","Seeded from a legacy Magento email template"
"Select a JSON theme file to import.","Select a JSON theme file to import."
"Select a template first to see its variables.","Select a template first to see its variables."
"Send","Send"
"Send Test","Send Test"
"Send Test Email","Send Test Email"
"Send the current template preview to an email address to verify rendering in real email clients.","Send the current template preview to an email address to verify rendering in real email clients."
"Sender email address","Sender email address"
"Set Schedule","Set Schedule"
"Shared product image","Shared product image"
"Shared product link","Shared product link"
"Shared product name","Shared product name"
"Sharer email address","Sharer email address"
"Sharer name","Sharer name"
"Shipment","Shipment"
"Shipment number","Shipment number"
"Shipment record id","Shipment record id"
"Shipping address block","Shipping address block"
"Shipping message","Shipping message"
"Shipping method description","Shipping method description"
"Shortened here","Shortened here"
"Show templates","Show templates"
"Start","Start"
"Start Date","Start Date"
"Start date...","Start date..."
"Store View:","Store View:"
"Store address block","Store address block"
"Store address block, written as a method call","Store address block, written as a method call"
"Store address of the shop, written as a method call","Store address of the shop, written as a method call"
"Store country","Store country"
"Store email address","Store email address"
"Store name","Store name"
"Store name, written as a method call","Store name, written as a method call"
"Store opening hours","Store opening hours"
"Store phone number","Store phone number"
"Store region or state","Store region or state"
"Store view id","Store view id"
"Store view id, written as a method call","Store view id, written as a method call"
"Stored in Magento's legacy email_template table — edit here to migrate to a managed override","Stored in Magento's legacy email_template table — edit here to migrate to a managed override"
"Stored in the configuration under Stores > Configuration > General > General > Store Information as the Country setting, which holds a country code rather than a name. Magento\Email\Model\Template\Filter::configDirective replaces that code with the country's name before printing it.","Stored in the configuration under Stores > Configuration > General > General > Store Information as the Country setting, which holds a country code rather than a name. Magento\Email\Model\Template\Filter::configDirective replaces that code with the country's name before printing it."
"Stored in the configuration under Stores > Configuration > General > General > Store Information as the Region/State setting, which accepts free text. Magento\Email\Model\Template\Filter::configDirective replaces the stored value with a region's name when it matches a region record, and prints it unchanged when it does not.","Stored in the configuration under Stores > Configuration > General > General > Store Information as the Region/State setting, which accepts free text. Magento\Email\Model\Template\Filter::configDirective replaces the stored value with a region's name when it matches a region record, and prints it unchanged when it does not."
"Stored in the configuration under Stores > Configuration > General > Store Email Addresses > General Contact. Magento\Email\Model\Template\Filter::configDirective reads it through the scope configuration for the store view the message is sent in.","Stored in the configuration under Stores > Configuration > General > Store Email Addresses > General Contact. Magento\Email\Model\Template\Filter::configDirective reads it through the scope configuration for the store view the message is sent in."
"Styles Could Not Be Regenerated","Styles Could Not Be Regenerated"
"Subject:","Subject:"
"Subscriber","Subscriber"
"Subscription confirmation link","Subscription confirmation link"
"Switch to the scope the message is sent in before editing: a store view value overrides the website value, which overrides the default.","Switch to the scope the message is sent in before editing: a store view value overrides the website value, which overrides the default."
"System Variables","System Variables"
"Telephone number given on the contact form","Telephone number given on the contact form"
"Template","Template"
"Template Variables","Template Variables"
"Template content is required.","Template content is required."
"Template directive","Template directive"
"Template identifier is required.","Template identifier is required."
"Template override with ID ""%1"" does not exist.","Template override with ID ""%1"" does not exist."
"Template published successfully.","Template published successfully."
"Template reset to default successfully.","Template reset to default successfully."
"Template scheduled for publication at %1.","Template scheduled for publication at %1."
"Template styles","Template styles"
"Template variable","Template variable"
"Template variables found in the email are listed below as JSON. Fill in sample values; they will be merged with base store variables.","Template variables found in the email are listed below as JSON. Fill in sample values; they will be merged with base store variables."
"Template version with ID ""%1"" does not exist.","Template version with ID ""%1"" does not exist."
"Template:","Template:"
"Test email sent to %1","Test email sent to %1"
"That combination of modifiers cannot be written into the template safely, so nothing was changed.","That combination of modifiers cannot be written into the template safely, so nothing was changed."
"That directive could not be read, so nothing was changed.","That directive could not be read, so nothing was changed."
"That directive is no longer in the template, so its formatting was left alone.","That directive is no longer in the template, so its formatting was left alone."
"The Country setting is offered at the default and website scopes only. Every store view of a website therefore shows the same country, whatever the scope switcher in this editor is set to.","The Country setting is offered at the default and website scopes only. Every store view of a website therefore shows the same country, whatever the scope switcher in this editor is set to."
"The Region/State setting is offered at the default and website scopes only, so every store view of a website shows the same region.","The Region/State setting is offered at the default and website scopes only, so every store view of a website shows the same region."
"The Tailwind styles could not be regenerated, so the last stylesheet that was generated successfully is being published instead. Utility classes added since then will have no styles in the delivered email. Check that the editor can reach the Tailwind script, then publish again.","The Tailwind styles could not be regenerated, so the last stylesheet that was generated successfully is being published instead. Utility classes added since then will have no styles in the delivered email. Check that the editor can reach the Tailwind script, then publish again."
"The address a message offers the recipient to write back to.","The address a message offers the recipient to write back to."
"The address a new subscriber follows to confirm they asked to subscribe.","The address a new subscriber follows to confirm they asked to subscribe."
"The address a subscriber follows to stop receiving the newsletter.","The address a subscriber follows to stop receiving the newsletter."
"The address is assembled from the text it is given and the file is never looked for, so a path with a typo in it produces a link that leads nowhere rather than an error.","The address is assembled from the text it is given and the file is never looked for, so a path with a typo in it produces a link that leads nowhere rather than an error."
"The address is built for the store view the message is sent in, so the same directive produces different addresses in different store views.","The address is built for the store view the message is sent in, so the same directive produces different addresses in different store views."
"The address is checked when it is saved by Magento\Config\Model\Config\Backend\Email\Address, so a value that is not an email address is refused rather than stored.","The address is checked when it is saved by Magento\Config\Model\Config\Backend\Email\Address, so a value that is not an email address is refused rather than stored."
"The address of the person who shared the product.","The address of the person who shared the product."
"The address of the picture shown at the top of the message.","The address of the picture shown at the top of the message."
"The address of the product being shared.","The address of the product being shared."
"The address of the small image of the product being shared.","The address of the small image of the product being shared."
"The address of the store's customer account page.","The address of the store's customer account page."
"The address on the customer's account.","The address on the customer's account."
"The address the shared product is being sent to.","The address the shared product is being sent to."
"The address the visitor typed into the contact form.","The address the visitor typed into the contact form."
"The address where the recipient can see the whole shared wish list.","The address where the recipient can see the whole shared wish list."
"The admin configuration form does not offer ""%1"" at the default scope, so a value written there would not be shown anywhere it could be corrected.","The admin configuration form does not offer ""%1"" at the default scope, so a value written there would not be shown anywhere it could be corrected."
"The admin configuration form does not offer ""%1"" for a single store view, so a value written for this store view would take effect in messages while staying invisible on the configuration page.","The admin configuration form does not offer ""%1"" for a single store view, so a value written for this store view would take effect in messages while staying invisible on the configuration page."
"The alert model builds the name with Magento\Customer\Helper\View::getCustomerName and assigns it under this name. The wish list sharing message assigns the sharer's name the same way, in Magento\Wishlist\Controller\Index\Send.","The alert model builds the name with Magento\Customer\Helper\View::getCustomerName and assigns it under this name. The wish list sharing message assigns the sharer's name the same way, in Magento\Wishlist\Controller\Index\Send."
"The alert model renders the products into a storefront block while emulating the recipient's store view, and assigns the rendered block under this name.","The alert model renders the products into a storefront block while emulating the recipient's store view, and assigns the rendered block under this name."
"The amount is not formatted for the locale: it is the currency code, a space, and the number as it is stored, so it can carry more decimal places than a price normally shows.","The amount is not formatted for the locale: it is the currency code, a space, and the number as it is stored, so it can carry more decimal places than a price normally shows."
"The area parameter decides which area the layout is built in. Leaving it out builds the frontend layout, which is what a message normally wants.","The area parameter decides which area the layout is built in. Leaving it out builds the frontend layout, which is what a message normally wants."
"The argument of escape is matched exactly, and the three it accepts are html, htmlentities and url. |escape:HTML matches none of them and the value comes back unescaped, so it does the opposite of what it looks like it is asking for.","The argument of escape is matched exactly, and the three it accepts are html, htmlentities and url. |escape:HTML matches none of them and the value comes back unescaped, so it does the opposite of what it looks like it is asking for."
"The backend model declared for ""%1"" cannot be loaded, so there is no way to tell what writing this value would do.","The backend model declared for ""%1"" cannot be loaded, so there is no way to tell what writing this value would do."
"The billing address entered in the checkout, laid out ready to print.","The billing address entered in the checkout, laid out ready to print."
"The block ends at the first {{/depend}} that follows it, so writing one {{depend}} inside another does not nest: the outer block ends at the inner one's closing tag and the remaining closing tag is left in the message.","The block ends at the first {{/depend}} that follows it, so writing one {{depend}} inside another does not nest: the outer block ends at the inner one's closing tag and the remaining closing tag is left in the message."
"The block ends at the first {{/if}} that follows it, so one {{if}} written inside another does not nest.","The block ends at the first {{/if}} that follows it, so one {{if}} written inside another does not nest."
"The brackets are not a method call: the path is read as a request for the formatted_address value held on the store object, which Magento\Email\Model\AbstractTemplate puts there before the message is rendered. It is built by Magento\Store\Model\Information from the Store Information configuration group, laid out with the fixed five-line template in Magento\Store\Model\Address\Renderer, and its line breaks are then turned into br tags.","The brackets are not a method call: the path is read as a request for the formatted_address value held on the store object, which Magento\Email\Model\AbstractTemplate puts there before the message is rendered. It is built by Magento\Store\Model\Information from the Store Information configuration group, laid out with the fixed five-line template in Magento\Store\Model\Address\Renderer, and its line breaks are then turned into br tags."
"The brackets are not a method call: the path is read as a request for the frontend_name value held on the store object, which Magento\Email\Model\AbstractTemplate puts there before the message is rendered. It comes from the Store Name setting of the Store Information configuration group, falling back to the name of the store the store view belongs to when that setting is empty.","The brackets are not a method call: the path is read as a request for the frontend_name value held on the store object, which Magento\Email\Model\AbstractTemplate puts there before the message is rendered. It comes from the Store Name setting of the Store Information configuration group, falling back to the name of the store the store view belongs to when that setting is empty."
"The class parameter names a block class to create, or the id parameter names a CMS block by its identifier. Every other parameter is set on the block as data before it is rendered, so a block can be told what to show.","The class parameter names a block class to create, or the id parameter names a CMS block by its identifier. Every other parameter is set on the block as data before it is rendered, so a block can be told what to show."
"The code editor is not ready yet, so its formatting was left alone.","The code editor is not ready yet, so its formatting was left alone."
"The code that reports the failure names the checkout it happened in; the standard checkout reports itself as onepage.","The code that reports the failure names the checkout it happened in; the standard checkout reports itself as onepage."
"The code that sends this message assigns the variable to the template just before it is rendered, from the record the message is about. No setting holds it, and a template that is not sent by that code renders it as nothing at all.","The code that sends this message assigns the variable to the template just before it is rendered, from the record the message is about. No setting holds it, and a template that is not sent by that code renders it as nothing at all."
"The comment an administrator chose to send to the customer with this document.","The comment an administrator chose to send to the customer with this document."
"The config_path parameter names a configuration path, and the value found there is the template to include: a number when it is a template saved in the admin, or the code of one shipped by a module. The included template is rendered with the same variables as the one that includes it.","The config_path parameter names a configuration path, and the value found there is the template to include: a number when it is a template saved in the admin, or the code of one shipped by a module. The included template is rendered with the same variables as the one that includes it."
"The configuration structure declares no field at ""%1"", so nothing in the admin owns this value and nothing here can say what it would contain.","The configuration structure declares no field at ""%1"", so nothing in the admin owns this value and nothing here can say what it would contain."
"The content given for the custom variable ""%1"" was rejected, so nothing was changed: %2","The content given for the custom variable ""%1"" was rejected, so nothing was changed: %2"
"The controller builds the link from the wish list's sharing code, so it opens that one list without the recipient signing in.","The controller builds the link from the wish list's sharing code, so it opens that one list without the recipient signing in."
"The controller only checks that the value contains an at sign before accepting the form, so it is not necessarily a working address.","The controller only checks that the value contains an at sign before accepting the form, so it is not necessarily a working address."
"The controller wraps the submitted form and passes it to the contact mailer, which assigns it under the name data and also sets it as the address a reply goes to.","The controller wraps the submitted form and passes it to the contact mailer, which assigns it under the name data and also sets it as the address a reply goes to."
"The controller wraps the submitted form and passes it to the contact mailer, which assigns it under the name data.","The controller wraps the submitted form and passes it to the contact mailer, which assigns it under the name data."
"The controller wraps the submitted form and passes it to the contact mailer, which assigns it under the name data. The form refuses to submit with an empty message.","The controller wraps the submitted form and passes it to the contact mailer, which assigns it under the name data. The form refuses to submit with an empty message."
"The controller wraps the submitted form and passes it to the contact mailer, which assigns it under the name data. The form refuses to submit without a name.","The controller wraps the submitted form and passes it to the contact mailer, which assigns it under the name data. The form refuses to submit without a name."
"The credit memo","The credit memo"
"The credit memo number the customer sees.","The credit memo number the customer sees."
"The credit memo the message is about.","The credit memo the message is about."
"The custom variable ""%1"" has no HTML value, so HTML messages currently render its plain value. Setting an HTML value here would change what HTML messages show while leaving plain-text messages on the old text, so both are set on the variable's own form instead.","The custom variable ""%1"" has no HTML value, so HTML messages currently render its plain value. Setting an HTML value here would change what HTML messages show while leaving plain-text messages on the old text, so both are set on the variable's own form instead."
"The custom variable ""%1"", defined in the admin under System > Other Settings > Custom Variables. Its content is whatever a merchant put there, and it can differ from one store view to the next.","The custom variable ""%1"", defined in the admin under System > Other Settings > Custom Variables. Its content is whatever a merchant put there, and it can differ from one store view to the next."
"The customer","The customer"
"The customer the message is addressed to.","The customer the message is addressed to."
"The customer's name, assembled the way the store is configured to show names.","The customer's name, assembled the way the store is configured to show names."
"The database identifier of the credit memo.","The database identifier of the credit memo."
"The database identifier of the invoice.","The database identifier of the invoice."
"The database identifier of the order.","The database identifier of the order."
"The database identifier of the shipment.","The database identifier of the shipment."
"The date and time the order was placed, written out for reading.","The date and time the order was placed, written out for reading."
"The date and time written into the payment failure message.","The date and time written into the payment failure message."
"The delivery address entered in the checkout, laid out ready to print.","The delivery address entered in the checkout, laid out ready to print."
"The description already on an existing order cannot be changed from the template.","The description already on an existing order cannot be changed from the template."
"The design configuration form accepts digits only, so the number is written without a unit.","The design configuration form accepts digits only, so the number is written without a unit."
"The design configuration form refuses a value containing tags, so this is always plain text.","The design configuration form refuses a value containing tags, so this is always plain text."
"The directive builds a complete layout for the handle, not a single block, so it is considerably more expensive to render than {{block}} and prints only the outermost block that comes out of it.","The directive builds a complete layout for the handle, not a single block, so it is considerably more expensive to render than {{block}} and prints only the outermost block that comes out of it."
"The directive changed while this was open, so its formatting was left alone. Click it again to start from what is there now.","The directive changed while this was open, so its formatting was left alone. Click it again to start from what is there now."
"The directive loads the named stylesheet from the theme the message is rendered with, compiles it, and puts the result where the directive stands. In the default theme the source of this file is web/css/email.less.","The directive loads the named stylesheet from the theme the message is rendered with, compiles it, and puts the result where the directive stands. In the default theme the source of this file is web/css/email.less."
"The directive loads the variable whose code its code parameter names, for the store view the message is sent in, and prints its HTML value in an HTML message and its plain value in a plain-text one.","The directive loads the variable whose code its code parameter names, for the store view the message is sent in, and prints its HTML value in an HTML message and its plain value in a plain-text one."
"The directive prints an address, never the file itself, so it belongs in the src attribute of an image rather than in the body of the message.","The directive prints an address, never the file itself, so it belongs in the src attribute of an image rather than in the body of the message."
"The directive reads the configuration path named by its path parameter while the message is being rendered, for the store view it is sent in, so a store view value overrides the website value, which overrides the default.","The directive reads the configuration path named by its path parameter while the message is being rendered, for the store view it is sent in, so a store view value overrides the website value, which overrides the default."
"The directive reads the store configuration at ""%1"" - %2 - while the message is being rendered, for the store view it is sent in, so a store view value overrides the website value, which overrides the default.","The directive reads the store configuration at ""%1"" - %2 - while the message is being rendered, for the store view it is sent in, so a store view value overrides the website value, which overrides the default."
"The directive reads the store configuration at ""%1"" while the message is being rendered. No field is declared at that path, so the value can only have been put there by something outside the admin.","The directive reads the store configuration at ""%1"" while the message is being rendered. No field is declared at that path, so the value can only have been put there by something outside the admin."
"The directives in this template could not be described.","The directives in this template could not be described."
"The draft could not be deleted.","The draft could not be deleted."
"The draft could not be deleted. Please try again.","The draft could not be deleted. Please try again."
"The draft could not be duplicated.","The draft could not be duplicated."
"The draft could not be duplicated. Please try again.","The draft could not be duplicated. Please try again."
"The draft could not be renamed.","The draft could not be renamed."
"The draft could not be renamed. Please try again.","The draft could not be renamed. Please try again."
"The drafts could not be loaded.","The drafts could not be loaded."
"The drafts could not be loaded. Please try again.","The drafts could not be loaded. Please try again."
"The email address messages sent from the General Contact identity are sent from.","The email address messages sent from the General Contact identity are sent from."
"The email address recorded on the basket the payment failed for.","The email address recorded on the basket the payment failed for."
"The explanation the payment attempt came back with.","The explanation the payment attempt came back with."
"The field is free text, so whatever is typed there is what the message prints.","The field is free text, so whatever is typed there is what the message prints."
"The file parameter names a file below the theme's web directory, or a file belonging to a module written as Magento_Sales::css/name.css. The file is compiled and its result replaces the directive.","The file parameter names a file below the theme's web directory, or a file belonging to a module written as Magento_Sales::css/name.css. The file is compiled and its result replaces the directive."
"The file parameter names the stylesheet. The styles are applied once the whole message has been assembled, because inlining has to see the finished document, so the directive itself is replaced by nothing at the point where it is written.","The file parameter names the stylesheet. The styles are applied once the whole message has been assembled, because inlining has to see the finished document, so the directive itself is replaced by nothing at the point where it is written."
"The form is accepted without a telephone number, so this is frequently empty.","The form is accepted without a telephone number, so this is frequently empty."
"The formatted store address block is stricter than this directive. It shows the region only when the stored value matches a region record, so free text that matches none is printed here and yet missing from the address block.","The formatted store address block is stricter than this directive. It shows the region only when the stored value matches a region record, so free text that matches none is printed here and yet missing from the address block."
"The formatting could not be changed, so it was left alone.","The formatting could not be changed, so it was left alone."
"The handle parameter names the layout handle to load. Any other parameter, apart from area, is set as data on every block the handle produces.","The handle parameter names the layout handle to load. Any other parameter, apart from area, is set as data on every block the handle produces."
"The header and footer of transactional messages are held at design/email/header_template and design/email/footer_template, which are chosen per store view in the design configuration.","The header and footer of transactional messages are held at design/email/header_template and design/email/footer_template, which are chosen per store view in the design configuration."
"The header is included by the message around it and receives that message's variables, so what it prints are the message's own style rules. The header's own rules are only used when the message above it has none.","The header is included by the message around it and receives that message's variables, so what it prints are the message's own style rules. The header's own rules are only used when the message above it has none."
"The host and path come from the store view's base URL, under Stores > Configuration > General > Web.","The host and path come from the store view's base URL, under Stores > Configuration > General > Web."
"The host comes from the store view's base URL, under Stores > Configuration > General > Web.","The host comes from the store view's base URL, under Stores > Configuration > General > Web."
"The html layout puts line breaks and a telephone link into the value, so a directive that escapes it shows the tags as text. The shipped template prints it with the raw idiom.","The html layout puts line breaks and a telephone link into the value, so a directive that escapes it shows the tags as text. The shipped template prints it with the raw idiom."
"The html layout puts line breaks and a telephone link into the value, so a directive that escapes it shows the tags as text. The shipped templates print it with the raw idiom.","The html layout puts line breaks and a telephone link into the value, so a directive that escapes it shows the tags as text. The shipped templates print it with the raw idiom."
"The id is a database key rather than anything an administrator chose, so it means nothing to a recipient.","The id is a database key rather than anything an administrator chose, so it means nothing to a recipient."
"The identifier is assigned by the database when the credit memo is created and never changes.","The identifier is assigned by the database when the credit memo is created and never changes."
"The identifier is assigned by the database when the invoice is created and never changes.","The identifier is assigned by the database when the invoice is created and never changes."
"The identifier is assigned by the database when the order is created and never changes.","The identifier is assigned by the database when the order is created and never changes."
"The identifier is assigned by the database when the shipment is created and never changes.","The identifier is assigned by the database when the shipment is created and never changes."
"The invoice","The invoice"
"The invoice number the customer sees.","The invoice number the customer sees."
"The invoice the message is about.","The invoice the message is about."
"The invoice, shipment and credit memo senders assign the document's customer note here, but only when the note was marked for sending; otherwise they assign an empty string. The order, invoice, shipment and credit memo comment senders assign the comment being sent directly.","The invoice, shipment and credit memo senders assign the document's customer note here, but only when the note was marked for sending; otherwise they assign an empty string. The order, invoice, shipment and credit memo comment senders assign the comment being sent directly."
"The knowledge base answered without an entry for this directive.","The knowledge base answered without an entry for this directive."
"The knowledge base records no route for changing this value.","The knowledge base records no route for changing this value."
"The last line is the country's name, not its code, and it is empty when no country is set. The region appears only when the Region/State setting matches a region record.","The last line is the country's name, not its code, and it is empty when no country is set. The region appears only when the Region/State setting matches a region record."
"The layout comes from the product alert block's own template. Override it in your own theme to change it.","The layout comes from the product alert block's own template. Override it in your own theme to change it."
"The layout of the block is fixed in Magento and is not chosen per country. Changing it means replacing the address renderer's template in code; nothing in the admin does it.","The layout of the block is fixed in Magento and is not chosen per country. Changing it means replacing the address renderer's template in code; nothing in the admin does it."
"The link only works while the account holds a reset token. Removing the token argument from the directive produces a link that cannot set a password.","The link only works while the account holds a reset token. Removing the token argument from the directive produces a link that cannot set a password."
"The list of items the message is about, laid out ready to print.","The list of items the message is about, laid out ready to print."
"The list of products the alert is about, laid out ready to print.","The list of products the alert is about, laid out ready to print."
"The list of readable paths is a dependency injection argument of Magento\Variable\Model\Config\Structure\AvailableVariables. No admin page changes it.","The list of readable paths is a dependency injection argument of Magento\Variable\Model\Config\Structure\AvailableVariables. No admin page changes it."
"The message goes to a member of staff rather than to the customer: the recipient is chosen under Stores > Configuration > Sales > Checkout > Payment Failed Emails.","The message goes to a member of staff rather than to the customer: the recipient is chosen under Stores > Configuration > Sales > Checkout > Payment Failed Emails."
"The message is only sent at all when Stores > Configuration > Customers > Newsletter asks subscribers to confirm.","The message is only sent at all when Stores > Configuration > Customers > Newsletter asks subscribers to confirm."
"The message is sent from the store's own General Contact identity, not from this address. Only a reply goes here.","The message is sent from the store's own General Contact identity, not from this address. Only a reply goes here."
"The message reports whatever the credit memo says at the moment it is sent; nothing in the template decides it.","The message reports whatever the credit memo says at the moment it is sent; nothing in the template decides it."
"The message reports whatever the invoice says at the moment it is sent; nothing in the template decides it.","The message reports whatever the invoice says at the moment it is sent; nothing in the template decides it."
"The message reports whatever the shipment says at the moment it is sent, including its tracking numbers; nothing in the template decides it.","The message reports whatever the shipment says at the moment it is sent, including its tracking numbers; nothing in the template decides it."
"The message that reached the checkout when the payment was refused is passed straight through to the template.","The message that reached the checkout when the payment was refused is passed straight through to the template."
"The model asks the product for its address in the current store and assigns it under this name.","The model asks the product for its address in the current store and assigns it under this name."
"The model escapes the address given on the sharing form and assigns it under this name. It also uses it as the address a reply to the message would go to.","The model escapes the address given on the sharing form and assigns it under this name. It also uses it as the address a reply to the message would go to."
"The model escapes the name given on the sharing form and assigns it under this name. It also uses it as the name a reply to the message would go to.","The model escapes the name given on the sharing form and assigns it under this name. It also uses it as the name a reply to the message would go to."
"The model prepares the product's image in the size the share-a-product message asks for and assigns its address. When the product has no image of that role, the placeholder's address is assigned instead.","The model prepares the product's image in the size the share-a-product message asks for and assigns its address. When the product has no image of that role, the placeholder's address is assigned instead."
"The model reads the name from the product being shared and assigns it under this name.","The model reads the name from the product being shared and assigns it under this name."
"The model takes the address from the sharing form, one per recipient, and assigns it under this name for that recipient's copy of the message.","The model takes the address from the sharing form, one per recipient, and assigns it under this name for that recipient's copy of the message."
"The model takes the name from the sharing form, one per recipient, and assigns it under this name for that recipient's copy of the message.","The model takes the name from the sharing form, one per recipient, and assigns it under this name for that recipient's copy of the message."
"The name inside the directive is a path into the values the sending code assigned to the template: the first part names one of those values and each part after a full stop reads something out of it.","The name inside the directive is a path into the values the sending code assigned to the template: the first part names one of those values and each part after a full stop reads something out of it."
"The name is unusually plain, and no other message assigns it. Do not expect it to mean anything outside the share-a-product message.","The name is unusually plain, and no other message assigns it. Do not expect it to mean anything outside the share-a-product message."
"The name messages sent from the General Contact identity appear to come from.","The name messages sent from the General Contact identity appear to come from."
"The name of the country in the store's own address.","The name of the country in the store's own address."
"The name of the customer the message is about.","The name of the customer the message is about."
"The name of the delivery method chosen on the basket.","The name of the delivery method chosen on the basket."
"The name of the payment method the shopper tried to pay with.","The name of the payment method the shopper tried to pay with."
"The name of the person the shared product is being sent to.","The name of the person the shared product is being sent to."
"The name of the person who placed the order.","The name of the person who placed the order."
"The name of the person who shared the product.","The name of the person who shared the product."
"The name of the product being shared.","The name of the product being shared."
"The name of the store the message is sent for, as customers are meant to see it.","The name of the store the message is sent for, as customers are meant to see it."
"The name the visitor typed into the contact form.","The name the visitor typed into the contact form."
"The name written after depend is read the same way a {{var}} path is. When it comes back empty the whole block is left out; otherwise the text inside it is rendered normally.","The name written after depend is read the same way a {{var}} path is. When it comes back empty the whole block is left out; otherwise the text inside it is rendered normally."
"The name written after if is read the same way a {{var}} path is. When it has a value the text up to {{else}} is rendered; when it is empty the text after {{else}} is rendered, and nothing at all if there is no {{else}}.","The name written after if is read the same way a {{var}} path is. When it has a value the text up to {{else}} is rendered; when it is empty the text after {{else}} is rendered, and nothing at all if there is no {{else}}."
"The name, the first street line, the region and the country are printed whether or not they are set, so an unfilled one leaves a blank line. The second street line, the city and the postcode are left out when they are empty.","The name, the first street line, the region and the country are printed whether or not they are set, so an unfilled one leaves a blank line. The second street line, the city and the postcode are left out when they are empty."
"The note an administrator wrote for the customer when the order was placed or edited.","The note an administrator wrote for the customer when the order was placed or edited."
"The note the person sharing the list or the product wrote to the recipient.","The note the person sharing the list or the product wrote to the recipient."
"The notification service builds the name with Magento\Customer\Helper\View::getCustomerName before sending, so any prefix, middle name and suffix that the store has made visible are included.","The notification service builds the name with Magento\Customer\Helper\View::getCustomerName before sending, so any prefix, middle name and suffix that the store has made visible are included."
"The number is issued by the store's own numbering sequence when the order is placed, and cannot be edited afterwards.","The number is issued by the store's own numbering sequence when the order is placed, and cannot be edited afterwards."
"The number is issued when the credit memo is raised and cannot be edited afterwards.","The number is issued when the credit memo is raised and cannot be edited afterwards."
"The number is issued when the invoice is raised and cannot be edited afterwards.","The number is issued when the invoice is raised and cannot be edited afterwards."
"The number is issued when the shipment is created and cannot be edited afterwards.","The number is issued when the shipment is created and cannot be edited afterwards."
"The numeric identifier of the store view the message is being sent for.","The numeric identifier of the store view the message is being sent for."
"The order","The order"
"The order confirmation template declares and prints this name, but no sender in Magento assigns it. It exists for an extension or an observer of the email_order_set_template_vars_before event to fill in.","The order confirmation template declares and prints this name, but no sender in Magento assigns it. It exists for an extension or an observer of the email_order_set_template_vars_before event to fill in."
"The order number the customer sees, such as 000000123.","The order number the customer sees, such as 000000123."
"The order the message is about.","The order the message is about."
"The order's billing address, laid out ready to print.","The order's billing address, laid out ready to print."
"The order's delivery address, laid out ready to print.","The order's delivery address, laid out ready to print."
"The order, invoice, shipment and credit memo senders ask the payment helper to render the payment method's information block for the order's store view, and assign the rendered block under this name.","The order, invoice, shipment and credit memo senders ask the payment helper to render the payment method's information block for the order's store view, and assign the rendered block under this name."
"The output parameter names the method to call on the block. When it names a method the block does not have, the block is rendered normally instead, so a mistyped method name fails quietly.","The output parameter names the method to call on the block. When it names a method the block does not have, the block is rendered normally instead, so a mistyped method name fails quietly."
"The override could not be deleted.","The override could not be deleted."
"The override could not be deleted. Please try again.","The override could not be deleted. Please try again."
"The override could not be renamed.","The override could not be renamed."
"The override could not be renamed. Please try again.","The override could not be renamed. Please try again."
"The override could not be switched on or off.","The override could not be switched on or off."
"The override could not be switched on or off. Please try again.","The override could not be switched on or off. Please try again."
"The parameter names a configuration setting rather than a template, so what is included changes by changing that setting, not by editing the directive.","The parameter names a configuration setting rather than a template, so what is included changes by changing that setting, not by editing the directive."
"The path comes from the product's URL key, on the product's Search Engine Optimization section under Catalog > Products.","The path comes from the product's URL key, on the product's Search Engine Optimization section under Catalog > Products."
"The payment method's own summary of how the order was paid for.","The payment method's own summary of how the order was paid for."
"The queue builds the link from the subscriber's own record as it sends each copy of a queued newsletter, and assigns it under subscriber_data.","The queue builds the link from the subscriber's own record as it sends each copy of a queued newsletter, and assigns it under subscriber_data."
"The quoted text is looked up in the translations for the store view the message is sent in and printed. Parameters written after it fill the placeholders in the text: a parameter named var fills %var.","The quoted text is looked up in the translations for the store view the message is sent in and printed. Parameters written after it fill the placeholders in the text: a parameter named var fills %var."
"The region or state in the store's own address.","The region or state in the store's own address."
"The same is true of any other method spelled into a {{var}} path whose value nothing has put on the object first. Only the values the sending code assigned can be read.","The same is true of any other method spelled into a {{var}} path whose value nothing has put on the object first. Only the values the sending code assigned can be read."
"The sender assigns the credit memo's own primary key alongside the credit memo record.","The sender assigns the credit memo's own primary key alongside the credit memo record."
"The sender assigns the invoice's own primary key alongside the invoice record.","The sender assigns the invoice's own primary key alongside the invoice record."
"The sender assigns the order's own primary key alongside the order record.","The sender assigns the order's own primary key alongside the order record."
"The sender assigns the shipment's own primary key alongside the shipment record.","The sender assigns the shipment's own primary key alongside the shipment record."
"The sender calls getCreatedAtFormatted(2) on the order, which formats the date and the time at medium length in the time zone configured for the order's store view.","The sender calls getCreatedAtFormatted(2) on the order, which formats the date and the time at medium length in the time zone configured for the order's store view."
"The sender calls getCustomerName() on the order and files the result under order_data. Every sales sender assembles the same order_data group, so the order, invoice, shipment and credit memo messages all carry it.","The sender calls getCustomerName() on the order and files the result under order_data. Every sales sender assembles the same order_data group, so the order, invoice, shipment and credit memo messages all carry it."
"The sender calls getEmailCustomerNote() on the order and files the result under order_data.","The sender calls getEmailCustomerNote() on the order and files the result under order_data."
"The sender calls getFrontendStatusLabel() on the order. That is the customer-facing label of the status rather than its internal code, and the two can differ.","The sender calls getFrontendStatusLabel() on the order. That is the customer-facing label of the status rather than its internal code, and the two can differ."
"The sender calls getIsNotVirtual() on the order, which is the negation of the order's virtual flag, and files the result under order_data.","The sender calls getIsNotVirtual() on the order, which is the negation of the order's virtual flag, and files the result under order_data."
"The sender puts the credit memo record itself under this name, beside the order it belongs to.","The sender puts the credit memo record itself under this name, beside the order it belongs to."
"The sender puts the invoice record itself under this name, beside the order it belongs to.","The sender puts the invoice record itself under this name, beside the order it belongs to."
"The sender puts the order record itself under this name. The invoice, shipment and credit memo senders pass the same record under the same name, so the order messages and the documents raised against an order all see it.","The sender puts the order record itself under this name. The invoice, shipment and credit memo senders pass the same record under the same name, so the order messages and the documents raised against an order all see it."
"The sender puts the shipment record itself under this name, beside the order it belongs to.","The sender puts the shipment record itself under this name, beside the order it belongs to."
"The sending code decides which variables a message receives, so a name assigned to one family of messages does not exist in another. An unassigned name is not an error: Magento\Email\Model\Template\Filter::varDirective asks for the variable with an empty string as its fallback, so the directive quietly produces nothing at all.","The sending code decides which variables a message receives, so a name assigned to one family of messages does not exist in another. An unassigned name is not an error: Magento\Email\Model\Template\Filter::varDirective asks for the variable with an empty string as its fallback, so the directive quietly produces nothing at all."
"The sending code decides which variables a message receives, so a name assigned to the confirmation request does not exist in the success or unsubscribe messages. An unassigned name is not an error: Magento\Email\Model\Template\Filter::varDirective asks for the variable with an empty string as its fallback, so the directive quietly produces nothing at all.","The sending code decides which variables a message receives, so a name assigned to the confirmation request does not exist in the success or unsubscribe messages. An unassigned name is not an error: Magento\Email\Model\Template\Filter::varDirective asks for the variable with an empty string as its fallback, so the directive quietly produces nothing at all."
"The sending code decides which variables a message receives, so a name assigned to the credit memo messages does not exist in another family. An unassigned name is not an error: Magento\Email\Model\Template\Filter::varDirective asks for the variable with an empty string as its fallback, so the directive quietly produces nothing at all.","The sending code decides which variables a message receives, so a name assigned to the credit memo messages does not exist in another family. An unassigned name is not an error: Magento\Email\Model\Template\Filter::varDirective asks for the variable with an empty string as its fallback, so the directive quietly produces nothing at all."
"The sending code decides which variables a message receives, so a name assigned to the customer account messages does not exist in another family. An unassigned name is not an error: Magento\Email\Model\Template\Filter::varDirective asks for the variable with an empty string as its fallback, so the directive quietly produces nothing at all.","The sending code decides which variables a message receives, so a name assigned to the customer account messages does not exist in another family. An unassigned name is not an error: Magento\Email\Model\Template\Filter::varDirective asks for the variable with an empty string as its fallback, so the directive quietly produces nothing at all."
"The sending code decides which variables a message receives, so a name assigned to the invoice messages does not exist in another family. An unassigned name is not an error: Magento\Email\Model\Template\Filter::varDirective asks for the variable with an empty string as its fallback, so the directive quietly produces nothing at all.","The sending code decides which variables a message receives, so a name assigned to the invoice messages does not exist in another family. An unassigned name is not an error: Magento\Email\Model\Template\Filter::varDirective asks for the variable with an empty string as its fallback, so the directive quietly produces nothing at all."
"The sending code decides which variables a message receives, so a name assigned to the shipment messages does not exist in another family. An unassigned name is not an error: Magento\Email\Model\Template\Filter::varDirective asks for the variable with an empty string as its fallback, so the directive quietly produces nothing at all.","The sending code decides which variables a message receives, so a name assigned to the shipment messages does not exist in another family. An unassigned name is not an error: Magento\Email\Model\Template\Filter::varDirective asks for the variable with an empty string as its fallback, so the directive quietly produces nothing at all."
"The sending code decides which variables a message receives, so the names in this set exist only in the payment failure message. An unassigned name is not an error: Magento\Email\Model\Template\Filter::varDirective asks for the variable with an empty string as its fallback, so the directive quietly produces nothing at all.","The sending code decides which variables a message receives, so the names in this set exist only in the payment failure message. An unassigned name is not an error: Magento\Email\Model\Template\Filter::varDirective asks for the variable with an empty string as its fallback, so the directive quietly produces nothing at all."
"The sending code decides which variables a message receives, so the names in this set exist only in the share-a-product message. An unassigned name is not an error: Magento\Email\Model\Template\Filter::varDirective asks for the variable with an empty string as its fallback, so the directive quietly produces nothing at all.","The sending code decides which variables a message receives, so the names in this set exist only in the share-a-product message. An unassigned name is not an error: Magento\Email\Model\Template\Filter::varDirective asks for the variable with an empty string as its fallback, so the directive quietly produces nothing at all."
"The sending code decides which variables a message receives, so the names under data exist only in the contact form message. An unassigned name is not an error: Magento\Email\Model\Template\Filter::varDirective asks for the variable with an empty string as its fallback, so the directive quietly produces nothing at all.","The sending code decides which variables a message receives, so the names under data exist only in the contact form message. An unassigned name is not an error: Magento\Email\Model\Template\Filter::varDirective asks for the variable with an empty string as its fallback, so the directive quietly produces nothing at all."
"The sending code decides which variables a message receives, so this name exists only in the product alert messages. An unassigned name is not an error: Magento\Email\Model\Template\Filter::varDirective asks for the variable with an empty string as its fallback, so the directive quietly produces nothing at all.","The sending code decides which variables a message receives, so this name exists only in the product alert messages. An unassigned name is not an error: Magento\Email\Model\Template\Filter::varDirective asks for the variable with an empty string as its fallback, so the directive quietly produces nothing at all."
"The sending code decides which variables a message receives, so this name exists only in the wish list sharing message. An unassigned name is not an error: Magento\Email\Model\Template\Filter::varDirective asks for the variable with an empty string as its fallback, so the directive quietly produces nothing at all.","The sending code decides which variables a message receives, so this name exists only in the wish list sharing message. An unassigned name is not an error: Magento\Email\Model\Template\Filter::varDirective asks for the variable with an empty string as its fallback, so the directive quietly produces nothing at all."
"The sending code formats the basket's billing address in the html layout and assigns the result under this name.","The sending code formats the basket's billing address in the html layout and assigns the result under this name."
"The sending code formats the basket's shipping address in the html layout and assigns the result under this name.","The sending code formats the basket's shipping address in the html layout and assigns the result under this name."
"The sending code formats the current moment at medium date and time length. Despite the template's label it is the moment the message is composed, not the moment the payment was attempted.","The sending code formats the current moment at medium date and time length. Despite the template's label it is the moment the message is composed, not the moment the payment was attempted."
"The sending code has already made the text safe and converted its line breaks, which is why the shipped templates print it with the raw idiom. Escaping it a second time would show the line-break tags as text.","The sending code has already made the text safe and converted its line breaks, which is why the shipped templates print it with the raw idiom. Escaping it a second time would show the line-break tags as text."
"The sending code joins the basket's store currency code and its grand total into one string.","The sending code joins the basket's store currency code and its grand total into one string."
"The sending code reads the title configured for the method the basket was using.","The sending code reads the title configured for the method the basket was using."
"The sending code takes the carrier from the basket's shipping method and reads that carrier's configured title.","The sending code takes the carrier from the basket's shipping method and reads that carrier's configured title."
"The setting at ""%1"" is deliberately not editable from the email template editor, because getting it wrong affects far more than a message.","The setting at ""%1"" is deliberately not editable from the email template editor, because getting it wrong affects far more than a message."
"The setting is Logo Height, in the Transactional Emails section of a design configuration record.","The setting is Logo Height, in the Transactional Emails section of a design configuration record."
"The setting is Logo Image Alt, in the Transactional Emails section of a design configuration record.","The setting is Logo Image Alt, in the Transactional Emails section of a design configuration record."
"The setting is Logo Image, in the Transactional Emails section of a design configuration record.","The setting is Logo Image, in the Transactional Emails section of a design configuration record."
"The setting is Logo Width, in the Transactional Emails section of a design configuration record.","The setting is Logo Width, in the Transactional Emails section of a design configuration record."
"The sharing forms accept an empty note, so the shipped templates wrap it in a depend directive.","The sharing forms accept an empty note, so the shipped templates wrap it in a depend directive."
"The shipment","The shipment"
"The shipment number the customer sees.","The shipment number the customer sees."
"The shipment the message is about.","The shipment the message is about."
"The shipped header does the falling back itself: when nothing is set it draws the logo 180 pixels wide.","The shipped header does the falling back itself: when nothing is set it draws the logo 180 pixels wide."
"The shipped templates print it escaped and then turn its line breaks into markup, so what the administrator typed is shown as text and its paragraphs survive.","The shipped templates print it escaped and then turn its line breaks into markup, so what the administrator typed is shown as text and its paragraphs survive."
"The shipped templates wrap it in a depend directive, because an unset phone number would otherwise leave a sentence such as ""or call us at"" with nothing after it.","The shipped templates wrap it in a depend directive, because an unset phone number would otherwise leave a sentence such as ""or call us at"" with nothing after it."
"The shipped templates write this call with slightly different arguments in different messages, and each spelling is a separate entry here.","The shipped templates write this call with slightly different arguments in different messages, and each spelling is a separate entry here."
"The shipping method the customer chose, as it was worded when the order was placed.","The shipping method the customer chose, as it was worded when the order was placed."
"The stand-in used when there is no image is set under Stores > Configuration > Catalog > Catalog > Product Image Placeholders.","The stand-in used when there is no image is set under Stores > Configuration > Catalog > Catalog > Product Image Placeholders."
"The status of the order in the wording shown to customers.","The status of the order in the wording shown to customers."
"The store views on this installation are listed under Stores, All Stores.","The store views on this installation are listed under Stores, All Stores."
"The store's opening hours, as recorded in the store information.","The store's opening hours, as recorded in the store information."
"The store's own postal address, already laid out over several lines.","The store's own postal address, already laid out over several lines."
"The store's telephone number, as recorded in the store information.","The store's telephone number, as recorded in the store information."
"The style rules a message carries of its own, printed inside the header's style block.","The style rules a message carries of its own, printed inside the header's style block."
"The stylesheet the message carries in its head, taken from the current theme.","The stylesheet the message carries in its head, taken from the current theme."
"The subscriber model builds the link from the subscriber's confirmation code and assigns it under subscriber_data before sending the confirmation request.","The subscriber model builds the link from the subscriber's confirmation code and assigns it under subscriber_data before sending the confirmation request."
"The telephone number the visitor typed into the contact form.","The telephone number the visitor typed into the contact form."
"The template list could not be loaded.","The template list could not be loaded."
"The template list could not be loaded. Please try again.","The template list could not be loaded. Please try again."
"The template model builds a storefront address for the store view and appends the customer's id together with the reset token held on their account, so the link only works for that customer.","The template model builds a storefront address for the store view and appends the customer's id together with the reset token held on their account, so the link only works for that customer."
"The template model itself is available under the name this while a message is rendered, and getUrl builds a storefront address for the store view passed to it. The _nosid argument keeps the session identifier out of the link.","The template model itself is available under the name this while a message is rendered, and getUrl builds a storefront address for the store view passed to it. The _nosid argument keeps the session identifier out of the link."
"The text between the quotation marks is both what is printed and the key the translation is looked up by. Changing it means any translation of the old wording no longer applies to it.","The text between the quotation marks is both what is printed and the key the translation is looked up by. Changing it means any translation of the old wording no longer applies to it."
"The text has to be in quotation marks. When it is not, or the closing quotation mark is missing, the directive prints nothing at all rather than printing the text as written.","The text has to be in quotation marks. When it is not, or the closing quotation mark is missing, the directive prints nothing at all rather than printing the text as written."
"The time zone and the wording follow the locale settings under Stores > Configuration > General > Locale Options.","The time zone and the wording follow the locale settings under Stores > Configuration > General > Locale Options."
"The time zone comes from Stores > Configuration > General > Locale Options for the store view the order belongs to.","The time zone comes from Stores > Configuration > General > Locale Options for the store view the order belongs to."
"The url parameter is the path the address is built for; an empty one gives the home page. A direct_url parameter is used as the path without any routing. Parameters whose name starts with _query_ become query-string parameters of the result.","The url parameter is the path the address is built for; an empty one gives the home page. A direct_url parameter is used as the path without any routing. Parameters whose name starts with _query_ become query-string parameters of the result."
"The url parameter names the file and the directive prints the address it has been published at for the theme the message is rendered with.","The url parameter names the file and the directive prints the address it has been published at for the theme the message is rendered with."
"The value at ""%1"" could not be prepared for saving, so nothing was changed: %2","The value at ""%1"" could not be prepared for saving, so nothing was changed: %2"
"The value at ""%1"" is stored encrypted, so it is neither shown nor changed from here.","The value at ""%1"" is stored encrypted, so it is neither shown nor changed from here."
"The value behind ""%1"" is not one this editor changes. Whatever the panel offered, this is decided here rather than in the browser.","The value behind ""%1"" is not one this editor changes. Whatever the panel offered, this is decided here rather than in the browser."
"The value can differ per store view, so check the scope switcher on the configuration page before deciding the value is wrong.","The value can differ per store view, so check the scope switcher on the configuration page before deciding the value is wrong."
"The value can differ per store view. The scope named beside the editor is the one that will be written.","The value can differ per store view. The scope named beside the editor is the one that will be written."
"The value carries markup in both messages, so a directive that escapes it shows the tags as text. The shipped templates print it with the raw idiom.","The value carries markup in both messages, so a directive that escapes it shows the tags as text. The shipped templates print it with the raw idiom."
"The value comes from what the shopper entered in the checkout and cannot be changed from the template.","The value comes from what the shopper entered in the checkout and cannot be changed from the template."
"The value contains br tags. With no formatting the directive escapes them and they appear in the message as text, which is why this one is normally written with the raw idiom.","The value contains br tags. With no formatting the directive escapes them and they appear in the message as text, which is why this one is normally written with the raw idiom."
"The value could not be changed. See the log for details.","The value could not be changed. See the log for details."
"The value could not be saved.","The value could not be saved."
"The value could not be saved. Please try again.","The value could not be saved. Please try again."
"The value for ""%1"" could not be checked, so it was not saved: %2","The value for ""%1"" could not be checked, so it was not saved: %2"
"The value has already been made safe by the sending code, so the message shows it as text whatever the directive is asked to do.","The value has already been made safe by the sending code, so the message shows it as text whatever the directive is asked to do."
"The value is a block of style rules, so a directive that escapes it shows them as text inside the message. The shipped header prints it with the raw idiom.","The value is a block of style rules, so a directive that escapes it shows them as text inside the message. The shipped header prints it with the raw idiom."
"The value is a rendered block of markup, so a directive that escapes it shows the tags as text. The shipped templates print it with the raw idiom.","The value is a rendered block of markup, so a directive that escapes it shows the tags as text. The shipped templates print it with the raw idiom."
"The value is decided by the code reporting the failure and cannot be changed from the template.","The value is decided by the code reporting the failure and cannot be changed from the template."
"The value of the ""%1"" configuration field, read for the store view the message is sent in.","The value of the ""%1"" configuration field, read for the store view the message is sent in."
"The value of the basket the payment failed for.","The value of the basket the payment failed for."
"The value of the url parameter is appended to the media base address of the store view the message is sent in. HTML entities in the parameter are decoded first, so an address written with &amp; in it still comes out correct.","The value of the url parameter is appended to the media base address of the store view the message is sent in. HTML entities in the parameter are decoded first, so an address written with &amp; in it still comes out correct."
"The value shown above is the translated text with its placeholders left standing. What fills them is supplied by the code that sends the message, not by the directive, so a recipient sees a value in each place where a per cent sign and a name appear here.","The value shown above is the translated text with its placeholders left standing. What fills them is supplied by the code that sends the message, not by the directive, so a recipient sees a value in each place where a per cent sign and a name appear here."
"The variable knowledge base has no entry for this directive. Nothing here describes what it renders - only that the description is missing.","The variable knowledge base has no entry for this directive. Nothing here describes what it renders - only that the description is missing."
"The variables could not be loaded.","The variables could not be loaded."
"The variables could not be loaded. Please try again.","The variables could not be loaded. Please try again."
"The version history could not be loaded.","The version history could not be loaded."
"The version history could not be loaded. Please try again.","The version history could not be loaded. Please try again."
"The wish list controller escapes what was typed and turns its line breaks into markup before assigning it, and appends the feed link when one was asked for. Magento\SendFriend\Model\SendFriend::send prepares the note on the share-a-product message exactly the same way.","The wish list controller escapes what was typed and turns its line breaks into markup before assigning it, and appends the feed link when one was asked for. Magento\SendFriend\Model\SendFriend::send prepares the note on the share-a-product message exactly the same way."
"The wish list controller renders the list's items into a storefront block and assigns the rendered block under this name. The payment failure message assigns a different thing under the same name: Magento\Sales\Model\Service\PaymentFailuresService builds one line per basket item and joins them with line-break markup.","The wish list controller renders the list's items into a storefront block and assigns the rendered block under this name. The payment failure message assigns a different thing under the same name: Magento\Sales\Model\Service\PaymentFailuresService builds one line per basket item and joins them with line-break markup."
"The wording comes from the payment method that refused the payment and cannot be changed from the template.","The wording comes from the payment method that refused the payment and cannot be changed from the template."
"The wording is built in the sending code and cannot be changed from the template.","The wording is built in the sending code and cannot be changed from the template."
"The words shown in place of the logo when the picture cannot be loaded.","The words shown in place of the logo when the picture cannot be loaded."
"The {{block}} directive","The {{block}} directive"
"The {{config}} directive","The {{config}} directive"
"The {{css}} directive","The {{css}} directive"
"The {{customVar}} directive","The {{customVar}} directive"
"The {{depend}} directive","The {{depend}} directive"
"The {{for}} directive","The {{for}} directive"
"The {{if}} directive","The {{if}} directive"
"The {{inlinecss}} directive","The {{inlinecss}} directive"
"The {{layout}} directive","The {{layout}} directive"
"The {{media}} directive","The {{media}} directive"
"The {{protocol}} directive","The {{protocol}} directive"
"The {{store}} directive","The {{store}} directive"
"The {{template}} directive","The {{template}} directive"
"The {{trans}} directive","The {{trans}} directive"
"The {{var}} directive","The {{var}} directive"
"The {{view}} directive","The {{view}} directive"
"Theme","Theme"
"Theme ""%1"" imported successfully.","Theme ""%1"" imported successfully."
"Theme CSS is required.","Theme CSS is required."
"Theme ID is required.","Theme ID is required."
"Theme Name","Theme Name"
"Theme deleted successfully.","Theme deleted successfully."
"Theme name is required.","Theme name is required."
"Theme saved successfully.","Theme saved successfully."
"Theme scope updated.","Theme scope updated."
"Theme with ID ""%1"" does not exist.","Theme with ID ""%1"" does not exist."
"Themes","Themes"
"There is no comparison and there is no chain of conditions. The only question asked is whether the value is empty, and there is no way to write ""otherwise, if"".","There is no comparison and there is no chain of conditions. The only question asked is whether the value is empty, and there is no way to write ""otherwise, if""."
"There is no comparison here. The only question asked is whether the value is empty, so the directive cannot test a value against another value.","There is no comparison here. The only question asked is whether the value is empty, so the directive cannot test a value against another value."
"There is no store view with the identifier %1, so nothing was changed.","There is no store view with the identifier %1, so nothing was changed."
"There is nowhere in the admin to change this.","There is nowhere in the admin to change this."
"This comparison could not be built.","This comparison could not be built."
"This comparison could not be built. Please try again.","This comparison could not be built. Please try again."
"This describes what the %1 directive does. The knowledge base has no entry for this particular one.","This describes what the %1 directive does. The knowledge base has no entry for this particular one."
"This description comes from the list of variables the template declares about itself, which records a name and nothing more. What the value actually contains is not recorded there.","This description comes from the list of variables the template declares about itself, which records a name and nothing more. What the value actually contains is not recorded there."
"This directive could not be looked up.","This directive could not be looked up."
"This directive could not be looked up. Please try again.","This directive could not be looked up. Please try again."
"This directive could not be read as a knowledge base key, so nothing was looked up. Either its kind is not one this editor publishes, or it contains characters a key may not carry.","This directive could not be read as a knowledge base key, so nothing was looked up. Either its kind is not one this editor publishes, or it contains characters a key may not carry."
"This directive does not reliably render the value that is stored: it renders the name of the region when the stored value matches a region record, and the stored value itself when it does not.","This directive does not reliably render the value that is stored: it renders the name of the region when the stored value matches a region record, and the stored value itself when it does not."
"This directive does not render the value that is stored: it renders the name of the country the stored country code names.","This directive does not render the value that is stored: it renders the name of the country the stored country code names."
"This directive is longer than a knowledge base key may be, so it was shortened before being looked up and a matching entry may have been missed.","This directive is longer than a knowledge base key may be, so it was shortened before being looked up and a matching entry may have been missed."
"This directive is longer than the knowledge base keys on, so what is shown is the general answer for directives of its kind.","This directive is longer than the knowledge base keys on, so what is shown is the general answer for directives of its kind."
"This directive is not in the knowledge base, so nothing is claimed about what it means. The steps below are the general ones for finding out.","This directive is not in the knowledge base, so nothing is claimed about what it means. The steps below are the general ones for finding out."
"This directive names no configuration path, so there is no value to change.","This directive names no configuration path, so there is no value to change."
"This directive names no custom variable, so there is no value to change.","This directive names no custom variable, so there is no value to change."
"This directive shapes the template rather than producing a value of its own.","This directive shapes the template rather than producing a value of its own."
"This directive takes no formatting at all. A parameter that is not in quotation marks runs to the next space, so {{customVar code=my_code|escape}} looks for a variable whose code is my_code|escape, finds none, and prints nothing.","This directive takes no formatting at all. A parameter that is not in quotation marks runs to the next space, so {{customVar code=my_code|escape}} looks for a variable whose code is my_code|escape, finds none, and prints nothing."
"This directive takes no formatting modifiers. A chain written after the code is read as part of the code, so the lookup finds no variable and the directive renders as nothing at all.","This directive takes no formatting modifiers. A chain written after the code is read as part of the code, so the lookup finds no variable and the directive renders as nothing at all."
"This directive takes no formatting. A vertical bar written inside it is either dropped, or - if the path is not in quotation marks - becomes part of the path, which then matches nothing and renders as an empty string.","This directive takes no formatting. A vertical bar written inside it is either dropped, or - if the path is not in quotation marks - becomes part of the path, which then matches nothing and renders as an empty string."
"This does not print the address of the shop. On a standard installation it prints nothing at all.","This does not print the address of the shop. On a standard installation it prints nothing at all."
"This does not print the store view id. On a standard installation it prints nothing at all.","This does not print the store view id. On a standard installation it prints nothing at all."
"This editor has no address for loading variables.","This editor has no address for loading variables."
"This editor has no address for saving a value, so nothing was sent.","This editor has no address for saving a value, so nothing was sent."
"This editor has no address for the variable knowledge base, so nothing can be looked up.","This editor has no address for the variable knowledge base, so nothing can be looked up."
"This formatting could not be read as a list of modifiers, so it is shown as it is written and left alone. Edit it in the template itself.","This formatting could not be read as a list of modifiers, so it is shown as it is written and left alone. Edit it in the template itself."
"This is a draft — your changes are saved but not live yet. Publish this draft to apply it to sent emails.","This is a draft — your changes are saved but not live yet. Publish this draft to apply it to sent emails."
"This is not the name a store view is listed under in Stores > All Stores. It is the Store Name configuration setting, with the store's name as a fallback, and the two are edited in different places.","This is not the name a store view is listed under in Stores > All Stores. It is the Store Name configuration setting, with the store's name as a fallback, and the two are edited in different places."
"This is not the order number on the customer's confirmation. It is an internal key and means nothing to a recipient.","This is not the order number on the customer's confirmation. It is an internal key and means nothing to a recipient."
"This is the credit memo record rather than a piece of text. A template reads a field from it, as in creditmemo.increment_id, or passes it to another directive as $creditmemo.","This is the credit memo record rather than a piece of text. A template reads a field from it, as in creditmemo.increment_id, or passes it to another directive as $creditmemo."
"This is the invoice record rather than a piece of text. A template reads a field from it, as in invoice.increment_id, or passes it to another directive as $invoice.","This is the invoice record rather than a piece of text. A template reads a field from it, as in invoice.increment_id, or passes it to another directive as $invoice."
"This is the only default theme available to all store views, so it cannot be limited to one of them - every other store view would be left with no theme at all.","This is the only default theme available to all store views, so it cannot be limited to one of them - every other store view would be left with no theme at all."
"This is the order record rather than a piece of text. A template reads a field from it, as in order.increment_id, or passes it to another directive as $order.","This is the order record rather than a piece of text. A template reads a field from it, as in order.increment_id, or passes it to another directive as $order."
"This is the shipment record rather than a piece of text. A template reads a field from it, as in shipment.increment_id, or passes it to another directive as $shipment.","This is the shipment record rather than a piece of text. A template reads a field from it, as in shipment.increment_id, or passes it to another directive as $shipment."
"This value is handed to the template by the code that sends the message, not by a setting.","This value is handed to the template by the code that sends the message, not by a setting."
"This value is worked out in PHP while the message renders, so no single setting holds it.","This value is worked out in PHP while the message renders, so no single setting holds it."
"This version could not be previewed.","This version could not be previewed."
"This version could not be previewed. Please try again.","This version could not be previewed. Please try again."
"This version could not be restored.","This version could not be restored."
"This version could not be restored. Please try again.","This version could not be restored. Please try again."
"This version is read-only, so its formatting cannot be changed here.","This version is read-only, so its formatting cannot be changed here."
"This will be saved for the store view:","This will be saved for the store view:"
"This will be saved in the default configuration scope.","This will be saved in the default configuration scope."
"Tick the option that notifies the customer. Without it the senders assign an empty string and the message shows no comment.","Tick the option that notifies the customer. Without it the senders assign an empty string and the message shows no comment."
"To add something to the query string, add a parameter named _query_ followed by the name it should have, for instance _query_utm_source.","To add something to the query string, add a parameter named _query_ followed by the name it should have, for instance _query_utm_source."
"To change how any address is laid out, open Stores > Configuration > Customers > Customer Configuration > Address Templates and edit the HTML template.","To change how any address is laid out, open Stores > Configuration > Customers > Customer Configuration > Address Templates and edit the HTML template."
"To change how it is printed, use the formatting controls in this panel rather than typing after the vertical bar, so that only the formatting is rewritten.","To change how it is printed, use the formatting controls in this panel rather than typing after the vertical bar, so that only the formatting is rewritten."
"To change the address itself, open the order under Sales > Orders and edit its billing address.","To change the address itself, open the order under Sales > Orders and edit its billing address."
"To change the address itself, open the order under Sales > Orders and edit its shipping address.","To change the address itself, open the order under Sales > Orders and edit its shipping address."
"To change the value itself, change the record it is read from - the order, the customer, the store configuration. Nothing in the template writes it.","To change the value itself, change the record it is read from - the order, the customer, the store configuration. Nothing in the template writes it."
"To change what future orders record, adjust the carrier's method titles under Stores > Configuration > Sales > Delivery Methods.","To change what future orders record, adjust the carrier's method titles under Stores > Configuration > Sales > Delivery Methods."
"To change what it contains, change the record the message is about.","To change what it contains, change the record the message is about."
"To change what the block is given, change the parameters on the directive; each one is handed to the block as data under its own name.","To change what the block is given, change the parameters on the directive; each one is handed to the block as data under its own name."
"To change which status an order is in, open it under Sales > Orders.","To change which status an order is in, open it under Sales > Orders."
"To point somewhere else, change the route in the directive itself, keeping $store as the first argument so the link stays on the right store view.","To point somewhere else, change the route in the directive itself, keeping $store as the first argument so the link stays on the right store view."
"To print something else, pick another variable from the variable chooser. That list is what the code sending this particular message makes available; a name that is not on it prints nothing.","To print something else, pick another variable from the variable chooser. That list is what the code sending this particular message makes available; a name that is not on it prints nothing."
"Translations come from the language pack of the store view's locale. Add or change the row for this text there, then flush the translation cache.","Translations come from the language pack of the store view's locale. Add or change the row for this text there, then flush the translation cache."
"Turns the newline characters in a value into line break tags. The filter registers this name without a callback of its own, so what runs is PHP's own nl2br function, called with the value and nothing else. It takes no arguments, and a newline filter registered elsewhere in Magento is not what an email template uses.","Turns the newline characters in a value into line break tags. The filter registers this name without a callback of its own, so what runs is PHP's own nl2br function, called with the value and nothing else. It takes no arguments, and a newline filter registered elsewhere in Magento is not what an email template uses."
"Undocumented {{%1}} directive","Undocumented {{%1}} directive"
"Unknown origin","Unknown origin"
"Unlike the width, the shipped header sets no height at all when nothing is configured; the picture keeps its own proportions.","Unlike the width, the shipped header sets no height at all when nothing is configured; the picture keeps its own proportions."
"Unlike {{css}}, a missing or empty file parameter stops the message with an error rather than leaving a comment behind.","Unlike {{css}}, a missing or empty file parameter stops the message with an error rather than leaving a comment behind."
"Unpublished draft — publish to apply","Unpublished draft — publish to apply"
"Unrecognised directive","Unrecognised directive"
"Unsubscribe link","Unsubscribe link"
"Untitled Draft","Untitled Draft"
"Value of this custom variable","Value of this custom variable"
"Values of the ""%1"" kind cannot be changed from the email template editor.","Values of the ""%1"" kind cannot be changed from the email template editor."
"Version Comment","Version Comment"
"Version History","Version History"
"Version ID is required.","Version ID is required."
"Version has no template content.","Version has no template content."
"View published version","View published version"
"Web address","Web address"
"What appears here is decided by the payment method. Its title comes from Stores > Configuration > Sales > Payment Methods.","What appears here is decided by the payment method. Its title comes from Stores > Configuration > Sales > Payment Methods."
"What is this variable?","What is this variable?"
"What the block prints comes from its own template file. To change it, override that template in your theme rather than editing anything here.","What the block prints comes from its own template file. To change it, override that template in your theme rather than editing anything here."
"What the handle produces is decided by the layout XML files that declare it. Add or override that layout XML in your theme or module.","What the handle produces is decided by the layout XML files that declare it. Add or override that layout XML in your theme or module."
"What the message shows is not reliably what is stored: a value that matches a region record is replaced by that region's name, and one that does not is printed as it was typed. Which of the two happened is not visible from the message.","What the message shows is not reliably what is stored: a value that matches a region record is replaced by that region's name, and one that does not is printed as it was typed. Which of the two happened is not visible from the message."
"What the message shows is not what is stored. The setting holds a country code and the message shows the country's name, so the two never look alike and the printed value cannot be typed back into the setting.","What the message shows is not what is stored. The setting holds a country code and the message shows the country's name, so the two never look alike and the printed value cannot be typed back into the setting."
"What the visitor wrote in the contact form's message box.","What the visitor wrote in the contact form's message box."
"What to do about this","What to do about this"
"What to write instead","What to write instead"
"When a message is rendered with no template variables assigned at all, the directive is left in the output exactly as it was written instead of being replaced.","When a message is rendered with no template variables assigned at all, the directive is left in the output exactly as it was written instead of being replaced."
"When both an http and an https parameter are given, each really has to begin with its own scheme. If either does not, sending the message fails with an error instead of falling back to the other one.","When both an http and an https parameter are given, each really has to begin with its own scheme. If either does not, sending the message fails with an error instead of falling back to the other one."
"When enabled, template overrides will be applied to transactional emails and the editor redirect will be active.","When enabled, template overrides will be applied to transactional emails and the editor redirect will be active."
"When no country is chosen the directive prints nothing at all, rather than printing a code or leaving the directive visible.","When no country is chosen the directive prints nothing at all, rather than printing a code or leaving the directive visible."
"When no translation exists for the store view's language the text is printed exactly as it was written, so an untranslated string and a missing dictionary look the same.","When no translation exists for the store view's language the text is printed exactly as it was written, so an untranslated string and a missing dictionary look the same."
"When the basket never got as far as choosing a method, there is no title to read and the value is empty.","When the basket never got as far as choosing a method, there is no title to read and the value is empty."
"When the config_path parameter is missing, the words {Error in template processing} are printed into the message instead of the include failing.","When the config_path parameter is missing, the words {Error in template processing} are printed into the message instead of the include failing."
"When the file cannot be loaded, or compiles to nothing, the directive leaves a CSS comment in the message rather than reporting an error.","When the file cannot be loaded, or compiles to nothing, the directive leaves a CSS comment in the message rather than reporting an error."
"When the file is missing, fails to compile, or compiles to nothing, the directive leaves a CSS comment in the message rather than reporting an error, so the message still sends and simply arrives unstyled.","When the file is missing, fails to compile, or compiles to nothing, the directive leaves a CSS comment in the message rather than reporting an error, so the message still sends and simply arrives unstyled."
"When the message was composed","When the message was composed"
"When the name after in does not come back as a list, the directive is left in the message exactly as it was written, closing tag and all.","When the name after in does not come back as a list, the directive is left in the message exactly as it was written, closing tag and all."
"Where it comes from","Where it comes from"
"Where the message is sent is set under Stores > Configuration > General > Contacts.","Where the message is sent is set under Stores > Configuration > General > Contacts."
"Where the payment was attempted","Where the payment was attempted"
"Where this value comes from","Where this value comes from"
"Where to change it","Where to change it"
"Whether a directive this panel cannot read still renders is decided by the email template filter, not here, so check it against a preview before changing it.","Whether a directive this panel cannot read still renders is decided by the email template filter, not here, so check it against a preview before changing it."
"Whether an order is virtual follows from the products on it. Change the product types under Catalog > Products if future orders should be treated differently.","Whether an order is virtual follows from the products on it. Change the product types under Catalog > Products if future orders should be treated differently."
"Which checkout the failed payment was made through.","Which checkout the failed payment was made through."
"Which name parts appear at all is decided by Stores > Configuration > Customers > Customer Configuration > Name and Address Options.","Which name parts appear at all is decided by Stores > Configuration > Customers > Customer Configuration > Name and Address Options."
"Why the payment failed","Why the payment failed"
"With neither a class nor an id parameter the directive prints nothing.","With neither a class nor an id parameter the directive prints nothing."
"With no parameters the directive prints just the scheme. With a url parameter it prints the scheme, then ://, then the parameter. With both an http and an https parameter it prints whichever of the two matches. A store parameter chooses which store view to ask.","With no parameters the directive prints just the scheme. With a url parameter it prints the scheme, then ://, then the parameter. With both an http and an https parameter it prints whichever of the two matches. A store parameter chooses which store view to ask."
"Without a file parameter the directive leaves a CSS comment saying so, in the message itself.","Without a file parameter the directive leaves a CSS comment saying so, in the message itself."
"Worked out in code","Worked out in code"
"Working...","Working..."
"Worth knowing","Worth knowing"
"Write {{var store.store_id}}, which reads the value the store record actually carries.","Write {{var store.store_id}}, which reads the value the store record actually carries."
"Written to:","Written to:"
"You are editing a draft — these changes are not live yet. A different published version is still being sent. Publish this draft to make it live.","You are editing a draft — these changes are not live yet. A different published version is still being sent. Publish this draft to make it live."
"You are viewing the published (live) version. Your unpublished draft has newer changes that are not live yet.","You are viewing the published (live) version. Your unpublished draft has newer changes that are not live yet."
"draft pending","draft pending"
"not a modifier the renderer implements","not a modifier the renderer implements"
"nothing","nothing"
"variables","variables"
"{{var store.formatted_address}} prints exactly the same thing. Both spellings are read as the same value, and neither is more correct than the other.","{{var store.formatted_address}} prints exactly the same thing. Both spellings are read as the same value, and neither is more correct than the other."
"{{var store.frontend_name}} prints exactly the same thing. Both spellings are read as the same value.","{{var store.frontend_name}} prints exactly the same thing. Both spellings are read as the same value."
